Demographic Trends of People Receiving COVID-19 Vaccinations in the United States,,,,,,,,https://covid.cdc.gov/covid-data-tracker/#vaccination-demographics-trends,,,,,,,
Date generated: Tue Apr 27 2021 08:33:10 GMT-0400 (Eastern Daylight Time),,,,,,,,,,,,,,,
Disclaimer:,,,,,,,,,,,,,,,
Due to a data synchronization error between April 3-5 2021 the daily count of doses reporting “Unknown Age” in the COVID-19 Case Surveillance Public Use Data incorrectly appeared higher than expected. The issue was resolved on April 6 2021 and the count of doses reporting ‘Unknown Age’ accurately reflects the totals reported to CDC.,,,,,,,,,,,,,,,
,,,,,,,,,,,,,,,
Date,Age Group,People with at least one dose,People who are fully vaccinated,Percent of age group with at least one dose,Percent of age group fully vaccinated,Census,,,,,,,,,
4/26/2021,Ages_75+_yrs,17242082,14462569,80.8,67.7,21351691,,,,,,,,,
4/25/2021,Ages_75+_yrs,17219221,14428783,80.6,67.6,21351691,,,,,,,,,
4/24/2021,Ages_75+_yrs,17186407,14371388,80.5,67.3,21351691,,,,,,,,,
4/23/2021,Ages_75+_yrs,17141893,14288615,80.3,66.9,21351691,,,,,,,,,
4/22/2021,Ages_75+_yrs,17093847,14203147,80.1,66.5,21351691,,,,,,,,,
4/21/2021,Ages_75+_yrs,17055107,14132216,79.9,66.2,21351691,,,,,,,,,
4/20/2021,Ages_75+_yrs,17019897,14064226,79.7,65.9,21351691,,,,,,,,,
4/19/2021,Ages_75+_yrs,16987123,14017719,79.6,65.7,21351691,,,,,,,,,
4/18/2021,Ages_75+_yrs,16966486,13974624,79.5,65.4,21351691,,,,,,,,,
4/17/2021,Ages_75+_yrs,16920118,13879371,79.2,65,21351691,,,,,,,,,
4/16/2021,Ages_75+_yrs,16869782,13773571,79,64.5,21351691,,,,,,,,,
4/15/2021,Ages_75+_yrs,16810900,13634439,78.7,63.9,21351691,,,,,,,,,
4/14/2021,Ages_75+_yrs,16752003,13531600,78.5,63.4,21351691,,,,,,,,,
4/13/2021,Ages_75+_yrs,16690952,13458753,78.2,63,21351691,,,,,,,,,
4/12/2021,Ages_75+_yrs,16654072,13389710,78,62.7,21351691,,,,,,,,,
4/11/2021,Ages_75+_yrs,16606933,13311346,77.8,62.3,21351691,,,,,,,,,
4/10/2021,Ages_75+_yrs,16542952,13184365,77.5,61.7,21351691,,,,,,,,,
4/9/2021,Ages_75+_yrs,16446296,12993032,77,60.9,21351691,,,,,,,,,
4/8/2021,Ages_75+_yrs,16369458,12847611,76.7,60.2,21351691,,,,,,,,,
4/7/2021,Ages_75+_yrs,16302018,12705813,76.4,59.5,21351691,,,,,,,,,
4/6/2021,Ages_75+_yrs,16229481,12581890,76,58.9,21351691,,,,,,,,,
4/5/2021,Ages_75+_yrs,16102923,12308715,75.4,57.6,21351691,,,,,,,,,
4/4/2021,Ages_75+_yrs,16102603,12306366,75.4,57.6,21351691,,,,,,,,,
4/3/2021,Ages_75+_yrs,16101974,12300827,75.4,57.6,21351691,,,,,,,,,
4/2/2021,Ages_75+_yrs,16015254,12113170,75,56.7,21351691,,,,,,,,,
4/1/2021,Ages_75+_yrs,15912865,11874028,74.5,55.6,21351691,,,,,,,,,
3/31/2021,Ages_75+_yrs,15827616,11694012,74.1,54.8,21351691,,,,,,,,,
3/30/2021,Ages_75+_yrs,15755182,11551989,73.8,54.1,21351691,,,,,,,,,
3/29/2021,Ages_75+_yrs,15717469,11462128,73.6,53.7,21351691,,,,,,,,,
3/28/2021,Ages_75+_yrs,15663561,11340051,73.4,53.1,21351691,,,,,,,,,
3/27/2021,Ages_75+_yrs,15575262,11142600,72.9,52.2,21351691,,,,,,,,,
3/26/2021,Ages_75+_yrs,15462377,10930398,72.4,51.2,21351691,,,,,,,,,
3/25/2021,Ages_75+_yrs,15336407,10737229,71.8,50.3,21351691,,,,,,,,,
3/24/2021,Ages_75+_yrs,15231705,10576756,71.3,49.5,21351691,,,,,,,,,
3/23/2021,Ages_75+_yrs,15131315,10437991,70.9,48.9,21351691,,,,,,,,,
3/22/2021,Ages_75+_yrs,15049439,10343006,70.5,48.4,21351691,,,,,,,,,
3/21/2021,Ages_75+_yrs,14979562,10223314,70.2,47.9,21351691,,,,,,,,,
3/20/2021,Ages_75+_yrs,14859889,10037685,69.6,47,21351691,,,,,,,,,
3/19/2021,Ages_75+_yrs,14715208,9822558,68.9,46,21351691,,,,,,,,,
3/18/2021,Ages_75+_yrs,14594447,9625365,68.4,45.1,21351691,,,,,,,,,
3/17/2021,Ages_75+_yrs,14460747,9423293,67.7,44.1,21351691,,,,,,,,,
3/16/2021,Ages_75+_yrs,14340182,9217051,67.2,43.2,21351691,,,,,,,,,
3/15/2021,Ages_75+_yrs,14257231,9071956,66.8,42.5,21351691,,,,,,,,,
3/14/2021,Ages_75+_yrs,14156019,8891642,66.3,41.6,21351691,,,,,,,,,
3/13/2021,Ages_75+_yrs,14002765,8662255,65.6,40.6,21351691,,,,,,,,,
3/12/2021,Ages_75+_yrs,13673017,8343114,64,39.1,21351691,,,,,,,,,
3/11/2021,Ages_75+_yrs,13485719,8049891,63.2,37.7,21351691,,,,,,,,,
3/10/2021,Ages_75+_yrs,13304130,7812890,62.3,36.6,21351691,,,,,,,,,
3/9/2021,Ages_75+_yrs,13154724,7636734,61.6,35.8,21351691,,,,,,,,,
3/8/2021,Ages_75+_yrs,13043637,7514212,61.1,35.2,21351691,,,,,,,,,
3/7/2021,Ages_75+_yrs,12929032,7346671,60.6,34.4,21351691,,,,,,,,,
3/6/2021,Ages_75+_yrs,12731122,7099980,59.6,33.3,21351691,,,,,,,,,
3/5/2021,Ages_75+_yrs,12466092,6791260,58.4,31.8,21351691,,,,,,,,,
3/4/2021,Ages_75+_yrs,12233430,6515564,57.3,30.5,21351691,,,,,,,,,
3/3/2021,Ages_75+_yrs,12038661,6270596,56.4,29.4,21351691,,,,,,,,,
3/2/2021,Ages_75+_yrs,11878593,6059690,55.6,28.4,21351691,,,,,,,,,
3/1/2021,Ages_75+_yrs,11729555,5904656,54.9,27.7,21351691,,,,,,,,,
2/28/2021,Ages_75+_yrs,11574978,5669523,54.2,26.6,21351691,,,,,,,,,
2/27/2021,Ages_75+_yrs,11338496,5345059,53.1,25,21351691,,,,,,,,,
2/26/2021,Ages_75+_yrs,11093517,4998144,52,23.4,21351691,,,,,,,,,
2/25/2021,Ages_75+_yrs,10871392,4673220,50.9,21.9,21351691,,,,,,,,,
2/24/2021,Ages_75+_yrs,10694464,4394804,50.1,20.6,21351691,,,,,,,,,
2/23/2021,Ages_75+_yrs,10550922,4168729,49.4,19.5,21351691,,,,,,,,,
2/22/2021,Ages_75+_yrs,10474157,4033613,49.1,18.9,21351691,,,,,,,,,
2/21/2021,Ages_75+_yrs,10363096,3835010,48.5,18,21351691,,,,,,,,,
2/20/2021,Ages_75+_yrs,10172271,3527218,47.6,16.5,21351691,,,,,,,,,
2/19/2021,Ages_75+_yrs,9983044,3243811,46.8,15.2,21351691,,,,,,,,,
2/18/2021,Ages_75+_yrs,9746808,2960182,45.6,13.9,21351691,,,,,,,,,
2/17/2021,Ages_75+_yrs,9561227,2745388,44.8,12.9,21351691,,,,,,,,,
2/16/2021,Ages_75+_yrs,9414919,2612181,44.1,12.2,21351691,,,,,,,,,
2/15/2021,Ages_75+_yrs,9290787,2501231,43.5,11.7,21351691,,,,,,,,,
2/14/2021,Ages_75+_yrs,9092940,2336611,42.6,10.9,21351691,,,,,,,,,
2/13/2021,Ages_75+_yrs,8787177,2061206,41.2,9.7,21351691,,,,,,,,,
2/12/2021,Ages_75+_yrs,8465651,1797011,39.6,8.4,21351691,,,,,,,,,
2/11/2021,Ages_75+_yrs,8179967,1558473,38.3,7.3,21351691,,,,,,,,,
2/10/2021,Ages_75+_yrs,7931631,1383392,37.1,6.5,21351691,,,,,,,,,
2/9/2021,Ages_75+_yrs,7690018,1218694,36,5.7,21351691,,,,,,,,,
2/8/2021,Ages_75+_yrs,7535351,1140126,35.3,5.3,21351691,,,,,,,,,
2/7/2021,Ages_75+_yrs,7322905,1068003,34.3,5,21351691,,,,,,,,,
2/6/2021,Ages_75+_yrs,6992095,909400,32.7,4.3,21351691,,,,,,,,,
2/5/2021,Ages_75+_yrs,6609427,752273,31,3.5,21351691,,,,,,,,,
2/4/2021,Ages_75+_yrs,6319967,649141,29.6,3,21351691,,,,,,,,,
2/3/2021,Ages_75+_yrs,6054082,554276,28.4,2.6,21351691,,,,,,,,,
2/2/2021,Ages_75+_yrs,5846100,491220,27.4,2.3,21351691,,,,,,,,,
2/1/2021,Ages_75+_yrs,5696447,462063,26.7,2.2,21351691,,,,,,,,,
1/31/2021,Ages_75+_yrs,5434458,412858,25.5,1.9,21351691,,,,,,,,,
1/30/2021,Ages_75+_yrs,5074536,354772,23.8,1.7,21351691,,,,,,,,,
1/29/2021,Ages_75+_yrs,4690820,285623,22,1.3,21351691,,,,,,,,,
1/28/2021,Ages_75+_yrs,4327182,225702,20.3,1.1,21351691,,,,,,,,,
1/27/2021,Ages_75+_yrs,4020412,183141,18.8,0.9,21351691,,,,,,,,,
1/26/2021,Ages_75+_yrs,3774332,159149,17.7,0.7,21351691,,,,,,,,,
1/25/2021,Ages_75+_yrs,3593243,144183,16.8,0.7,21351691,,,,,,,,,
1/24/2021,Ages_75+_yrs,3337131,135737,15.6,0.6,21351691,,,,,,,,,
1/23/2021,Ages_75+_yrs,2984559,117687,14,0.6,21351691,,,,,,,,,
1/22/2021,Ages_75+_yrs,2625413,92569,12.3,0.4,21351691,,,,,,,,,
1/21/2021,Ages_75+_yrs,2307246,68900,10.8,0.3,21351691,,,,,,,,,
1/20/2021,Ages_75+_yrs,2093405,59379,9.8,0.3,21351691,,,,,,,,,
1/19/2021,Ages_75+_yrs,1908743,52877,8.9,0.2,21351691,,,,,,,,,
1/18/2021,Ages_75+_yrs,1800596,50209,8.4,0.2,21351691,,,,,,,,,
1/17/2021,Ages_75+_yrs,1642990,45272,7.7,0.2,21351691,,,,,,,,,
1/16/2021,Ages_75+_yrs,1428400,37869,6.7,0.2,21351691,,,,,,,,,
1/15/2021,Ages_75+_yrs,1195005,29669,5.6,0.1,21351691,,,,,,,,,
1/14/2021,Ages_75+_yrs,1004155,20804,4.7,0.1,21351691,,,,,,,,,
1/13/2021,Ages_75+_yrs,866589,15602,4.1,0.1,21351691,,,,,,,,,
1/12/2021,Ages_75+_yrs,744077,12461,3.5,0.1,21351691,,,,,,,,,
1/11/2021,Ages_75+_yrs,680652,11374,3.2,0.1,21351691,,,,,,,,,
1/10/2021,Ages_75+_yrs,616550,10168,2.9,0,21351691,,,,,,,,,
1/9/2021,Ages_75+_yrs,494899,7456,2.3,0,21351691,,,,,,,,,
1/8/2021,Ages_75+_yrs,406620,5059,1.9,0,21351691,,,,,,,,,
1/7/2021,Ages_75+_yrs,323630,3104,1.5,0,21351691,,,,,,,,,
1/6/2021,Ages_75+_yrs,265745,1009,1.2,0,21351691,,,,,,,,,
1/5/2021,Ages_75+_yrs,225547,727,1.1,0,21351691,,,,,,,,,
1/4/2021,Ages_75+_yrs,209816,705,1,0,21351691,,,,,,,,,
1/3/2021,Ages_75+_yrs,170503,615,0.8,0,21351691,,,,,,,,,
1/2/2021,Ages_75+_yrs,150457,528,0.7,0,21351691,,,,,,,,,
1/1/2021,Ages_75+_yrs,124623,400,0.6,0,21351691,,,,,,,,,
12/31/2020,Ages_75+_yrs,91206,270,0.4,0,21351691,,,,,,,,,
12/30/2020,Ages_75+_yrs,65315,203,0.3,0,21351691,,,,,,,,,
12/29/2020,Ages_75+_yrs,50098,127,0.2,0,21351691,,,,,,,,,
12/28/2020,Ages_75+_yrs,45476,103,0.2,0,21351691,,,,,,,,,
12/27/2020,Ages_75+_yrs,42824,90,0.2,0,21351691,,,,,,,,,
12/26/2020,Ages_75+_yrs,34301,77,0.2,0,21351691,,,,,,,,,
12/25/2020,Ages_75+_yrs,26845,49,0.1,0,21351691,,,,,,,,,
12/24/2020,Ages_75+_yrs,15312,33,0.1,0,21351691,,,,,,,,,
12/23/2020,Ages_75+_yrs,9524,17,0,0,21351691,,,,,,,,,
12/22/2020,Ages_75+_yrs,6663,11,0,0,21351691,,,,,,,,,
12/21/2020,Ages_75+_yrs,5279,10,0,0,21351691,,,,,,,,,
12/20/2020,Ages_75+_yrs,3881,9,0,0,21351691,,,,,,,,,
12/19/2020,Ages_75+_yrs,1848,6,0,0,21351691,,,,,,,,,
12/18/2020,Ages_75+_yrs,646,4,0,0,21351691,,,,,,,,,
12/17/2020,Ages_75+_yrs,126,0,0,0,21351691,,,,,,,,,
12/16/2020,Ages_75+_yrs,4,0,0,0,21351691,,,,,,,,,
4/26/2021,Ages_65-74_yrs,24535271,20157225,82.9,68.1,29610164,,,,,,,,,
4/25/2021,Ages_65-74_yrs,24486028,20083048,82.7,67.8,29610164,,,,,,,,,
4/24/2021,Ages_65-74_yrs,24421945,19960385,82.5,67.4,29610164,,,,,,,,,
4/23/2021,Ages_65-74_yrs,24338312,19791108,82.2,66.8,29610164,,,,,,,,,
4/22/2021,Ages_65-74_yrs,24245545,19609436,81.9,66.2,29610164,,,,,,,,,
4/21/2021,Ages_65-74_yrs,24170449,19463256,81.6,65.7,29610164,,,,,,,,,
4/20/2021,Ages_65-74_yrs,24102656,19322630,81.4,65.3,29610164,,,,,,,,,
4/19/2021,Ages_65-74_yrs,24042448,19241278,81.2,65,29610164,,,,,,,,,
4/18/2021,Ages_65-74_yrs,23998538,19143599,81,64.7,29610164,,,,,,,,,
4/17/2021,Ages_65-74_yrs,23905119,18944680,80.7,64,29610164,,,,,,,,,
4/16/2021,Ages_65-74_yrs,23806913,18720121,80.4,63.2,29610164,,,,,,,,,
4/15/2021,Ages_65-74_yrs,23690802,18443623,80,62.3,29610164,,,,,,,,,
4/14/2021,Ages_65-74_yrs,23575583,18228541,79.6,61.6,29610164,,,,,,,,,
4/13/2021,Ages_65-74_yrs,23446097,18067397,79.2,61,29610164,,,,,,,,,
4/12/2021,Ages_65-74_yrs,23369569,17922546,78.9,60.5,29610164,,,,,,,,,
4/11/2021,Ages_65-74_yrs,23276350,17753706,78.6,60,29610164,,,,,,,,,
4/10/2021,Ages_65-74_yrs,23149551,17489232,78.2,59.1,29610164,,,,,,,,,
4/9/2021,Ages_65-74_yrs,22962360,17105201,77.5,57.8,29610164,,,,,,,,,
4/8/2021,Ages_65-74_yrs,22808605,16799380,77,56.7,29610164,,,,,,,,,
4/7/2021,Ages_65-74_yrs,22672779,16501199,76.6,55.7,29610164,,,,,,,,,
4/6/2021,Ages_65-74_yrs,22533607,16240167,76.1,54.8,29610164,,,,,,,,,
4/5/2021,Ages_65-74_yrs,22267613,15622332,75.2,52.8,29610164,,,,,,,,,
4/4/2021,Ages_65-74_yrs,22266388,15616426,75.2,52.7,29610164,,,,,,,,,
4/3/2021,Ages_65-74_yrs,22263837,15602705,75.2,52.7,29610164,,,,,,,,,
4/2/2021,Ages_65-74_yrs,22087128,15190182,74.6,51.3,29610164,,,,,,,,,
4/1/2021,Ages_65-74_yrs,21889450,14720951,73.9,49.7,29610164,,,,,,,,,
3/31/2021,Ages_65-74_yrs,21723090,14339458,73.4,48.4,29610164,,,,,,,,,
3/30/2021,Ages_65-74_yrs,21581170,14023255,72.9,47.4,29610164,,,,,,,,,
3/29/2021,Ages_65-74_yrs,21501355,13813871,72.6,46.7,29610164,,,,,,,,,
3/28/2021,Ages_65-74_yrs,21383290,13536779,72.2,45.7,29610164,,,,,,,,,
3/27/2021,Ages_65-74_yrs,21201889,13117593,71.6,44.3,29610164,,,,,,,,,
3/26/2021,Ages_65-74_yrs,20975353,12683929,70.8,42.8,29610164,,,,,,,,,
3/25/2021,Ages_65-74_yrs,20728592,12296272,70,41.5,29610164,,,,,,,,,
3/24/2021,Ages_65-74_yrs,20515196,11983808,69.3,40.5,29610164,,,,,,,,,
3/23/2021,Ages_65-74_yrs,20309307,11716387,68.6,39.6,29610164,,,,,,,,,
3/22/2021,Ages_65-74_yrs,20139648,11529577,68,38.9,29610164,,,,,,,,,
3/21/2021,Ages_65-74_yrs,19981325,11287371,67.5,38.1,29610164,,,,,,,,,
3/20/2021,Ages_65-74_yrs,19726461,10925770,66.6,36.9,29610164,,,,,,,,,
3/19/2021,Ages_65-74_yrs,19437201,10541785,65.6,35.6,29610164,,,,,,,,,
3/18/2021,Ages_65-74_yrs,19171396,10194850,64.7,34.4,29610164,,,,,,,,,
3/17/2021,Ages_65-74_yrs,18897862,9845108,63.8,33.2,29610164,,,,,,,,,
3/16/2021,Ages_65-74_yrs,18644030,9544976,63,32.2,29610164,,,,,,,,,
3/15/2021,Ages_65-74_yrs,18463122,9311211,62.4,31.4,29610164,,,,,,,,,
3/14/2021,Ages_65-74_yrs,18224840,9021738,61.5,30.5,29610164,,,,,,,,,
3/13/2021,Ages_65-74_yrs,17886530,8664409,60.4,29.3,29610164,,,,,,,,,
3/12/2021,Ages_65-74_yrs,17378283,8229252,58.7,27.8,29610164,,,,,,,,,
3/11/2021,Ages_65-74_yrs,16982755,7791445,57.4,26.3,29610164,,,,,,,,,
3/10/2021,Ages_65-74_yrs,16613006,7446645,56.1,25.1,29610164,,,,,,,,,
3/9/2021,Ages_65-74_yrs,16286689,7196445,55,24.3,29610164,,,,,,,,,
3/8/2021,Ages_65-74_yrs,16046801,7034172,54.2,23.8,29610164,,,,,,,,,
3/7/2021,Ages_65-74_yrs,15776287,6810067,53.3,23,29610164,,,,,,,,,
3/6/2021,Ages_65-74_yrs,15351360,6476263,51.8,21.9,29610164,,,,,,,,,
3/5/2021,Ages_65-74_yrs,14808031,6112233,50,20.6,29610164,,,,,,,,,
3/4/2021,Ages_65-74_yrs,14328377,5811266,48.4,19.6,29610164,,,,,,,,,
3/3/2021,Ages_65-74_yrs,13935310,5545659,47.1,18.7,29610164,,,,,,,,,
3/2/2021,Ages_65-74_yrs,13583645,5301677,45.9,17.9,29610164,,,,,,,,,
3/1/2021,Ages_65-74_yrs,13286737,5157873,44.9,17.4,29610164,,,,,,,,,
2/28/2021,Ages_65-74_yrs,12942619,4934509,43.7,16.7,29610164,,,,,,,,,
2/27/2021,Ages_65-74_yrs,12496496,4627239,42.2,15.6,29610164,,,,,,,,,
2/26/2021,Ages_65-74_yrs,12044293,4289198,40.7,14.5,29610164,,,,,,,,,
2/25/2021,Ages_65-74_yrs,11658262,3986035,39.4,13.5,29610164,,,,,,,,,
2/24/2021,Ages_65-74_yrs,11359145,3736673,38.4,12.6,29610164,,,,,,,,,
2/23/2021,Ages_65-74_yrs,11112515,3541981,37.5,12,29610164,,,,,,,,,
2/22/2021,Ages_65-74_yrs,10983551,3430913,37.1,11.6,29610164,,,,,,,,,
2/21/2021,Ages_65-74_yrs,10809209,3279173,36.5,11.1,29610164,,,,,,,,,
2/20/2021,Ages_65-74_yrs,10520664,3008449,35.5,10.2,29610164,,,,,,,,,
2/19/2021,Ages_65-74_yrs,10224923,2782512,34.5,9.4,29610164,,,,,,,,,
2/18/2021,Ages_65-74_yrs,9857110,2545980,33.3,8.6,29610164,,,,,,,,,
2/17/2021,Ages_65-74_yrs,9578904,2349696,32.4,7.9,29610164,,,,,,,,,
2/16/2021,Ages_65-74_yrs,9361184,2234180,31.6,7.5,29610164,,,,,,,,,
2/15/2021,Ages_65-74_yrs,9152906,2133272,30.9,7.2,29610164,,,,,,,,,
2/14/2021,Ages_65-74_yrs,8848230,2006288,29.9,6.8,29610164,,,,,,,,,
2/13/2021,Ages_65-74_yrs,8419866,1780659,28.4,6,29610164,,,,,,,,,
2/12/2021,Ages_65-74_yrs,7992893,1575582,27,5.3,29610164,,,,,,,,,
2/11/2021,Ages_65-74_yrs,7612487,1378734,25.7,4.7,29610164,,,,,,,,,
2/10/2021,Ages_65-74_yrs,7306937,1237034,24.7,4.2,29610164,,,,,,,,,
2/9/2021,Ages_65-74_yrs,7019746,1117923,23.7,3.8,29610164,,,,,,,,,
2/8/2021,Ages_65-74_yrs,6840345,1054698,23.1,3.6,29610164,,,,,,,,,
2/7/2021,Ages_65-74_yrs,6603234,997373,22.3,3.4,29610164,,,,,,,,,
2/6/2021,Ages_65-74_yrs,6214770,859988,21,2.9,29610164,,,,,,,,,
2/5/2021,Ages_65-74_yrs,5801962,726583,19.6,2.5,29610164,,,,,,,,,
2/4/2021,Ages_65-74_yrs,5486723,649554,18.5,2.2,29610164,,,,,,,,,
2/3/2021,Ages_65-74_yrs,5213984,573182,17.6,1.9,29610164,,,,,,,,,
2/2/2021,Ages_65-74_yrs,5006043,522963,16.9,1.8,29610164,,,,,,,,,
2/1/2021,Ages_65-74_yrs,4881678,500935,16.5,1.7,29610164,,,,,,,,,
1/31/2021,Ages_65-74_yrs,4649662,466755,15.7,1.6,29610164,,,,,,,,,
1/30/2021,Ages_65-74_yrs,4323402,422201,14.6,1.4,29610164,,,,,,,,,
1/29/2021,Ages_65-74_yrs,3995473,368586,13.5,1.2,29610164,,,,,,,,,
1/28/2021,Ages_65-74_yrs,3675590,313066,12.4,1.1,29610164,,,,,,,,,
1/27/2021,Ages_65-74_yrs,3381130,270337,11.4,0.9,29610164,,,,,,,,,
1/26/2021,Ages_65-74_yrs,3171930,241603,10.7,0.8,29610164,,,,,,,,,
1/25/2021,Ages_65-74_yrs,3010389,232109,10.2,0.8,29610164,,,,,,,,,
1/24/2021,Ages_65-74_yrs,2820209,222585,9.5,0.8,29610164,,,,,,,,,
1/23/2021,Ages_65-74_yrs,2526836,205737,8.5,0.7,29610164,,,,,,,,,
1/22/2021,Ages_65-74_yrs,2240177,182266,7.6,0.6,29610164,,,,,,,,,
1/21/2021,Ages_65-74_yrs,1979938,153887,6.7,0.5,29610164,,,,,,,,,
1/20/2021,Ages_65-74_yrs,1812958,135753,6.1,0.5,29610164,,,,,,,,,
1/19/2021,Ages_65-74_yrs,1656712,125132,5.6,0.4,29610164,,,,,,,,,
1/18/2021,Ages_65-74_yrs,1576754,121009,5.3,0.4,29610164,,,,,,,,,
1/17/2021,Ages_65-74_yrs,1471599,115975,5,0.4,29610164,,,,,,,,,
1/16/2021,Ages_65-74_yrs,1302788,106991,4.4,0.4,29610164,,,,,,,,,
1/15/2021,Ages_65-74_yrs,1104397,95273,3.7,0.3,29610164,,,,,,,,,
1/14/2021,Ages_65-74_yrs,981764,78778,3.3,0.3,29610164,,,,,,,,,
1/13/2021,Ages_65-74_yrs,879233,62523,3,0.2,29610164,,,,,,,,,
1/12/2021,Ages_65-74_yrs,786350,47735,2.7,0.2,29610164,,,,,,,,,
1/11/2021,Ages_65-74_yrs,738653,43120,2.5,0.1,29610164,,,,,,,,,
1/10/2021,Ages_65-74_yrs,697394,36587,2.4,0.1,29610164,,,,,,,,,
1/9/2021,Ages_65-74_yrs,585939,22656,2,0.1,29610164,,,,,,,,,
1/8/2021,Ages_65-74_yrs,500573,12204,1.7,0,29610164,,,,,,,,,
1/7/2021,Ages_65-74_yrs,423493,5741,1.4,0,29610164,,,,,,,,,
1/6/2021,Ages_65-74_yrs,363190,2277,1.2,0,29610164,,,,,,,,,
1/5/2021,Ages_65-74_yrs,321419,1197,1.1,0,29610164,,,,,,,,,
1/4/2021,Ages_65-74_yrs,309232,1110,1,0,29610164,,,,,,,,,
1/3/2021,Ages_65-74_yrs,291107,1043,1,0,29610164,,,,,,,,,
1/2/2021,Ages_65-74_yrs,274729,990,0.9,0,29610164,,,,,,,,,
1/1/2021,Ages_65-74_yrs,246014,866,0.8,0,29610164,,,,,,,,,
12/31/2020,Ages_65-74_yrs,199881,717,0.7,0,29610164,,,,,,,,,
12/30/2020,Ages_65-74_yrs,161672,549,0.5,0,29610164,,,,,,,,,
12/29/2020,Ages_65-74_yrs,132988,353,0.4,0,29610164,,,,,,,,,
12/28/2020,Ages_65-74_yrs,124375,306,0.4,0,29610164,,,,,,,,,
12/27/2020,Ages_65-74_yrs,118061,292,0.4,0,29610164,,,,,,,,,
12/26/2020,Ages_65-74_yrs,111309,282,0.4,0,29610164,,,,,,,,,
12/25/2020,Ages_65-74_yrs,98678,243,0.3,0,29610164,,,,,,,,,
12/24/2020,Ages_65-74_yrs,71942,185,0.2,0,29610164,,,,,,,,,
12/23/2020,Ages_65-74_yrs,50751,117,0.2,0,29610164,,,,,,,,,
12/22/2020,Ages_65-74_yrs,36917,91,0.1,0,29610164,,,,,,,,,
12/21/2020,Ages_65-74_yrs,30570,72,0.1,0,29610164,,,,,,,,,
12/20/2020,Ages_65-74_yrs,23433,49,0.1,0,29610164,,,,,,,,,
12/19/2020,Ages_65-74_yrs,10998,28,0,0,29610164,,,,,,,,,
12/18/2020,Ages_65-74_yrs,3930,6,0,0,29610164,,,,,,,,,
12/17/2020,Ages_65-74_yrs,792,1,0,0,29610164,,,,,,,,,
12/16/2020,Ages_65-74_yrs,68,0,0,0,29610164,,,,,,,,,
4/26/2021,Ages_50-64_yrs,35704594,24182022,60.8,41.2,58678494,,,,,,,,,
4/25/2021,Ages_50-64_yrs,35471163,23802228,60.5,40.6,58678494,,,,,,,,,
4/24/2021,Ages_50-64_yrs,35156903,23210439,59.9,39.6,58678494,,,,,,,,,
4/23/2021,Ages_50-64_yrs,34829554,22542102,59.4,38.4,58678494,,,,,,,,,
4/22/2021,Ages_50-64_yrs,34498781,21887188,58.8,37.3,58678494,,,,,,,,,
4/21/2021,Ages_50-64_yrs,34191651,21310765,58.3,36.3,58678494,,,,,,,,,
4/20/2021,Ages_50-64_yrs,33919447,20829124,57.8,35.5,58678494,,,,,,,,,
4/19/2021,Ages_50-64_yrs,33699306,20532755,57.4,35,58678494,,,,,,,,,
4/18/2021,Ages_50-64_yrs,33466018,20153189,57,34.3,58678494,,,,,,,,,
4/17/2021,Ages_50-64_yrs,33031403,19449983,56.3,33.1,58678494,,,,,,,,,
4/16/2021,Ages_50-64_yrs,32592675,18738165,55.5,31.9,58678494,,,,,,,,,
4/15/2021,Ages_50-64_yrs,32113131,18012747,54.7,30.7,58678494,,,,,,,,,
4/14/2021,Ages_50-64_yrs,31620708,17368453,53.9,29.6,58678494,,,,,,,,,
4/13/2021,Ages_50-64_yrs,31201220,16912070,53.2,28.8,58678494,,,,,,,,,
4/12/2021,Ages_50-64_yrs,30836081,16508286,52.6,28.1,58678494,,,,,,,,,
4/11/2021,Ages_50-64_yrs,30413160,16002228,51.8,27.3,58678494,,,,,,,,,
4/10/2021,Ages_50-64_yrs,29833717,15360466,50.8,26.2,58678494,,,,,,,,,
4/9/2021,Ages_50-64_yrs,29101258,14563067,49.6,24.8,58678494,,,,,,,,,
4/8/2021,Ages_50-64_yrs,28436453,13907951,48.5,23.7,58678494,,,,,,,,,
4/7/2021,Ages_50-64_yrs,27838643,13327714,47.4,22.7,58678494,,,,,,,,,
4/6/2021,Ages_50-64_yrs,27274191,12881376,46.5,22,58678494,,,,,,,,,
4/5/2021,Ages_50-64_yrs,25990877,11946731,44.3,20.4,58678494,,,,,,,,,
4/4/2021,Ages_50-64_yrs,25987341,11938569,44.3,20.3,58678494,,,,,,,,,
4/3/2021,Ages_50-64_yrs,25978892,11917978,44.3,20.3,58678494,,,,,,,,,
4/2/2021,Ages_50-64_yrs,25244283,11378922,43,19.4,58678494,,,,,,,,,
4/1/2021,Ages_50-64_yrs,24527082,10877998,41.8,18.5,58678494,,,,,,,,,
3/31/2021,Ages_50-64_yrs,23910182,10502307,40.7,17.9,58678494,,,,,,,,,
3/30/2021,Ages_50-64_yrs,23385347,10200485,39.9,17.4,58678494,,,,,,,,,
3/29/2021,Ages_50-64_yrs,23043566,10006682,39.3,17.1,58678494,,,,,,,,,
3/28/2021,Ages_50-64_yrs,22578668,9741309,38.5,16.6,58678494,,,,,,,,,
3/27/2021,Ages_50-64_yrs,21861782,9389971,37.3,16,58678494,,,,,,,,,
3/26/2021,Ages_50-64_yrs,21082610,9063030,35.9,15.4,58678494,,,,,,,,,
3/25/2021,Ages_50-64_yrs,20285505,8781547,34.6,15,58678494,,,,,,,,,
3/24/2021,Ages_50-64_yrs,19604318,8556358,33.4,14.6,58678494,,,,,,,,,
3/23/2021,Ages_50-64_yrs,18997628,8354940,32.4,14.2,58678494,,,,,,,,,
3/22/2021,Ages_50-64_yrs,18605346,8213660,31.7,14,58678494,,,,,,,,,
3/21/2021,Ages_50-64_yrs,18108544,8043596,30.9,13.7,58678494,,,,,,,,,
3/20/2021,Ages_50-64_yrs,17348993,7811615,29.6,13.3,58678494,,,,,,,,,
3/19/2021,Ages_50-64_yrs,16538232,7589593,28.2,12.9,58678494,,,,,,,,,
3/18/2021,Ages_50-64_yrs,15919941,7412233,27.1,12.6,58678494,,,,,,,,,
3/17/2021,Ages_50-64_yrs,15270945,7221732,26,12.3,58678494,,,,,,,,,
3/16/2021,Ages_50-64_yrs,14759421,7032205,25.2,12,58678494,,,,,,,,,
3/15/2021,Ages_50-64_yrs,14414210,6894006,24.6,11.7,58678494,,,,,,,,,
3/14/2021,Ages_50-64_yrs,14007966,6733119,23.9,11.5,58678494,,,,,,,,,
3/13/2021,Ages_50-64_yrs,13415712,6522421,22.9,11.1,58678494,,,,,,,,,
3/12/2021,Ages_50-64_yrs,12688295,6258071,21.6,10.7,58678494,,,,,,,,,
3/11/2021,Ages_50-64_yrs,12104112,6051751,20.6,10.3,58678494,,,,,,,,,
3/10/2021,Ages_50-64_yrs,11620708,5874802,19.8,10,58678494,,,,,,,,,
3/9/2021,Ages_50-64_yrs,11243348,5724288,19.2,9.8,58678494,,,,,,,,,
3/8/2021,Ages_50-64_yrs,10976975,5614700,18.7,9.6,58678494,,,,,,,,,
3/7/2021,Ages_50-64_yrs,10648779,5482923,18.1,9.3,58678494,,,,,,,,,
3/6/2021,Ages_50-64_yrs,10234025,5325394,17.4,9.1,58678494,,,,,,,,,
3/5/2021,Ages_50-64_yrs,9804395,5168899,16.7,8.8,58678494,,,,,,,,,
3/4/2021,Ages_50-64_yrs,9470987,5045055,16.1,8.6,58678494,,,,,,,,,
3/3/2021,Ages_50-64_yrs,9218432,4938885,15.7,8.4,58678494,,,,,,,,,
3/2/2021,Ages_50-64_yrs,8989343,4838597,15.3,8.2,58678494,,,,,,,,,
3/1/2021,Ages_50-64_yrs,8805520,4761828,15,8.1,58678494,,,,,,,,,
2/28/2021,Ages_50-64_yrs,8590638,4659753,14.6,7.9,58678494,,,,,,,,,
2/27/2021,Ages_50-64_yrs,8325287,4512580,14.2,7.7,58678494,,,,,,,,,
2/26/2021,Ages_50-64_yrs,8081786,4362187,13.8,7.4,58678494,,,,,,,,,
2/25/2021,Ages_50-64_yrs,7877577,4215450,13.4,7.2,58678494,,,,,,,,,
2/24/2021,Ages_50-64_yrs,7726917,4097657,13.2,7,58678494,,,,,,,,,
2/23/2021,Ages_50-64_yrs,7609059,4006577,13,6.8,58678494,,,,,,,,,
2/22/2021,Ages_50-64_yrs,7535432,3948294,12.8,6.7,58678494,,,,,,,,,
2/21/2021,Ages_50-64_yrs,7444334,3862604,12.7,6.6,58678494,,,,,,,,,
2/20/2021,Ages_50-64_yrs,7304500,3721211,12.4,6.3,58678494,,,,,,,,,
2/19/2021,Ages_50-64_yrs,7165706,3594261,12.2,6.1,58678494,,,,,,,,,
2/18/2021,Ages_50-64_yrs,7016301,3462603,12,5.9,58678494,,,,,,,,,
2/17/2021,Ages_50-64_yrs,6896348,3360743,11.8,5.7,58678494,,,,,,,,,
2/16/2021,Ages_50-64_yrs,6800835,3295335,11.6,5.6,58678494,,,,,,,,,
2/15/2021,Ages_50-64_yrs,6717623,3236084,11.4,5.5,58678494,,,,,,,,,
2/14/2021,Ages_50-64_yrs,6594446,3147968,11.2,5.4,58678494,,,,,,,,,
2/13/2021,Ages_50-64_yrs,6404114,2978952,10.9,5.1,58678494,,,,,,,,,
2/12/2021,Ages_50-64_yrs,6228692,2806894,10.6,4.8,58678494,,,,,,,,,
2/11/2021,Ages_50-64_yrs,6074504,2657799,10.4,4.5,58678494,,,,,,,,,
2/10/2021,Ages_50-64_yrs,5952933,2535385,10.1,4.3,58678494,,,,,,,,,
2/9/2021,Ages_50-64_yrs,5824015,2419943,9.9,4.1,58678494,,,,,,,,,
2/8/2021,Ages_50-64_yrs,5738892,2357004,9.8,4,58678494,,,,,,,,,
2/7/2021,Ages_50-64_yrs,5636687,2279944,9.6,3.9,58678494,,,,,,,,,
2/6/2021,Ages_50-64_yrs,5477474,2121058,9.3,3.6,58678494,,,,,,,,,
2/5/2021,Ages_50-64_yrs,5290610,1943054,9,3.3,58678494,,,,,,,,,
2/4/2021,Ages_50-64_yrs,5166562,1819127,8.8,3.1,58678494,,,,,,,,,
2/3/2021,Ages_50-64_yrs,5044792,1699014,8.6,2.9,58678494,,,,,,,,,
2/2/2021,Ages_50-64_yrs,4964620,1628303,8.5,2.8,58678494,,,,,,,,,
2/1/2021,Ages_50-64_yrs,4905005,1595815,8.4,2.7,58678494,,,,,,,,,
1/31/2021,Ages_50-64_yrs,4797594,1537202,8.2,2.6,58678494,,,,,,,,,
1/30/2021,Ages_50-64_yrs,4631620,1436908,7.9,2.4,58678494,,,,,,,,,
1/29/2021,Ages_50-64_yrs,4466053,1317312,7.6,2.2,58678494,,,,,,,,,
1/28/2021,Ages_50-64_yrs,4301280,1176463,7.3,2,58678494,,,,,,,,,
1/27/2021,Ages_50-64_yrs,4169739,1056121,7.1,1.8,58678494,,,,,,,,,
1/26/2021,Ages_50-64_yrs,4054384,965894,6.9,1.6,58678494,,,,,,,,,
1/25/2021,Ages_50-64_yrs,3964091,938555,6.8,1.6,58678494,,,,,,,,,
1/24/2021,Ages_50-64_yrs,3848835,901006,6.6,1.5,58678494,,,,,,,,,
1/23/2021,Ages_50-64_yrs,3655820,844029,6.2,1.4,58678494,,,,,,,,,
1/22/2021,Ages_50-64_yrs,3485382,770390,5.9,1.3,58678494,,,,,,,,,
1/21/2021,Ages_50-64_yrs,3304257,669392,5.6,1.1,58678494,,,,,,,,,
1/20/2021,Ages_50-64_yrs,3165289,597875,5.4,1,58678494,,,,,,,,,
1/19/2021,Ages_50-64_yrs,3064926,558110,5.2,1,58678494,,,,,,,,,
1/18/2021,Ages_50-64_yrs,2998488,543710,5.1,0.9,58678494,,,,,,,,,
1/17/2021,Ages_50-64_yrs,2889983,526163,4.9,0.9,58678494,,,,,,,,,
1/16/2021,Ages_50-64_yrs,2713813,492994,4.6,0.8,58678494,,,,,,,,,
1/15/2021,Ages_50-64_yrs,2526478,445646,4.3,0.8,58678494,,,,,,,,,
1/14/2021,Ages_50-64_yrs,2361110,375480,4,0.6,58678494,,,,,,,,,
1/13/2021,Ages_50-64_yrs,2227705,300495,3.8,0.5,58678494,,,,,,,,,
1/12/2021,Ages_50-64_yrs,2102514,230440,3.6,0.4,58678494,,,,,,,,,
1/11/2021,Ages_50-64_yrs,2037087,209114,3.5,0.4,58678494,,,,,,,,,
1/10/2021,Ages_50-64_yrs,1947900,176186,3.3,0.3,58678494,,,,,,,,,
1/9/2021,Ages_50-64_yrs,1794676,105285,3.1,0.2,58678494,,,,,,,,,
1/8/2021,Ages_50-64_yrs,1639557,54109,2.8,0.1,58678494,,,,,,,,,
1/7/2021,Ages_50-64_yrs,1477328,24552,2.5,0,58678494,,,,,,,,,
1/6/2021,Ages_50-64_yrs,1337262,9359,2.3,0,58678494,,,,,,,,,
1/5/2021,Ages_50-64_yrs,1230113,4178,2.1,0,58678494,,,,,,,,,
1/4/2021,Ages_50-64_yrs,1193365,3835,2,0,58678494,,,,,,,,,
1/3/2021,Ages_50-64_yrs,1148508,3637,2,0,58678494,,,,,,,,,
1/2/2021,Ages_50-64_yrs,1106567,3560,1.9,0,58678494,,,,,,,,,
1/1/2021,Ages_50-64_yrs,1004260,3303,1.7,0,58678494,,,,,,,,,
12/31/2020,Ages_50-64_yrs,848300,2869,1.4,0,58678494,,,,,,,,,
12/30/2020,Ages_50-64_yrs,720138,2298,1.2,0,58678494,,,,,,,,,
12/29/2020,Ages_50-64_yrs,610930,1532,1,0,58678494,,,,,,,,,
12/28/2020,Ages_50-64_yrs,578783,1354,1,0,58678494,,,,,,,,,
12/27/2020,Ages_50-64_yrs,552345,1282,0.9,0,58678494,,,,,,,,,
12/26/2020,Ages_50-64_yrs,532232,1213,0.9,0,58678494,,,,,,,,,
12/25/2020,Ages_50-64_yrs,478381,1060,0.8,0,58678494,,,,,,,,,
12/24/2020,Ages_50-64_yrs,359107,812,0.6,0,58678494,,,,,,,,,
12/23/2020,Ages_50-64_yrs,258646,562,0.4,0,58678494,,,,,,,,,
12/22/2020,Ages_50-64_yrs,190171,457,0.3,0,58678494,,,,,,,,,
12/21/2020,Ages_50-64_yrs,159149,349,0.3,0,58678494,,,,,,,,,
12/20/2020,Ages_50-64_yrs,122474,223,0.2,0,58678494,,,,,,,,,
12/19/2020,Ages_50-64_yrs,58009,117,0.1,0,58678494,,,,,,,,,
12/18/2020,Ages_50-64_yrs,20533,25,0,0,58678494,,,,,,,,,
12/17/2020,Ages_50-64_yrs,4416,4,0,0,58678494,,,,,,,,,
12/16/2020,Ages_50-64_yrs,472,0,0,0,58678494,,,,,,,,,
4/26/2021,Ages_40-49_yrs,17994938,11090292,48.6,29.9,37036959,,,,,,,,,
4/25/2021,Ages_40-49_yrs,17825618,10887878,48.1,29.4,37036959,,,,,,,,,
4/24/2021,Ages_40-49_yrs,17591698,10598438,47.5,28.6,37036959,,,,,,,,,
4/23/2021,Ages_40-49_yrs,17354786,10288585,46.9,27.8,37036959,,,,,,,,,
4/22/2021,Ages_40-49_yrs,17120505,9984887,46.2,27,37036959,,,,,,,,,
4/21/2021,Ages_40-49_yrs,16892213,9724406,45.6,26.3,37036959,,,,,,,,,
4/20/2021,Ages_40-49_yrs,16692986,9511546,45.1,25.7,37036959,,,,,,,,,
4/19/2021,Ages_40-49_yrs,16534209,9381386,44.6,25.3,37036959,,,,,,,,,
4/18/2021,Ages_40-49_yrs,16348293,9209783,44.1,24.9,37036959,,,,,,,,,
4/17/2021,Ages_40-49_yrs,16040357,8931302,43.3,24.1,37036959,,,,,,,,,
4/16/2021,Ages_40-49_yrs,15742058,8651098,42.5,23.4,37036959,,,,,,,,,
4/15/2021,Ages_40-49_yrs,15427430,8351743,41.7,22.5,37036959,,,,,,,,,
4/14/2021,Ages_40-49_yrs,15111494,8091045,40.8,21.8,37036959,,,,,,,,,
4/13/2021,Ages_40-49_yrs,14852337,7896079,40.1,21.3,37036959,,,,,,,,,
4/12/2021,Ages_40-49_yrs,14606804,7710026,39.4,20.8,37036959,,,,,,,,,
4/11/2021,Ages_40-49_yrs,14339269,7504038,38.7,20.3,37036959,,,,,,,,,
4/10/2021,Ages_40-49_yrs,13994398,7234594,37.8,19.5,37036959,,,,,,,,,
4/9/2021,Ages_40-49_yrs,13569457,6917001,36.6,18.7,37036959,,,,,,,,,
4/8/2021,Ages_40-49_yrs,13187638,6663311,35.6,18,37036959,,,,,,,,,
4/7/2021,Ages_40-49_yrs,12845037,6441037,34.7,17.4,37036959,,,,,,,,,
4/6/2021,Ages_40-49_yrs,12532580,6269700,33.8,16.9,37036959,,,,,,,,,
4/5/2021,Ages_40-49_yrs,11823275,5895934,31.9,15.9,37036959,,,,,,,,,
4/4/2021,Ages_40-49_yrs,11821323,5893578,31.9,15.9,37036959,,,,,,,,,
4/3/2021,Ages_40-49_yrs,11816106,5886552,31.9,15.9,37036959,,,,,,,,,
4/2/2021,Ages_40-49_yrs,11427649,5684531,30.9,15.3,37036959,,,,,,,,,
4/1/2021,Ages_40-49_yrs,11066139,5490622,29.9,14.8,37036959,,,,,,,,,
3/31/2021,Ages_40-49_yrs,10759693,5352693,29.1,14.5,37036959,,,,,,,,,
3/30/2021,Ages_40-49_yrs,10518758,5235738,28.4,14.1,37036959,,,,,,,,,
3/29/2021,Ages_40-49_yrs,10363166,5156501,28,13.9,37036959,,,,,,,,,
3/28/2021,Ages_40-49_yrs,10133345,5048123,27.4,13.6,37036959,,,,,,,,,
3/27/2021,Ages_40-49_yrs,9837412,4902037,26.6,13.2,37036959,,,,,,,,,
3/26/2021,Ages_40-49_yrs,9504681,4773350,25.7,12.9,37036959,,,,,,,,,
3/25/2021,Ages_40-49_yrs,9169677,4658409,24.8,12.6,37036959,,,,,,,,,
3/24/2021,Ages_40-49_yrs,8897031,4566928,24,12.3,37036959,,,,,,,,,
3/23/2021,Ages_40-49_yrs,8644139,4482962,23.3,12.1,37036959,,,,,,,,,
3/22/2021,Ages_40-49_yrs,8479812,4419117,22.9,11.9,37036959,,,,,,,,,
3/21/2021,Ages_40-49_yrs,8272266,4343024,22.3,11.7,37036959,,,,,,,,,
3/20/2021,Ages_40-49_yrs,7978746,4238737,21.5,11.4,37036959,,,,,,,,,
3/19/2021,Ages_40-49_yrs,7694746,4148032,20.8,11.2,37036959,,,,,,,,,
3/18/2021,Ages_40-49_yrs,7469889,4076311,20.2,11,37036959,,,,,,,,,
3/17/2021,Ages_40-49_yrs,7239563,3995523,19.5,10.8,37036959,,,,,,,,,
3/16/2021,Ages_40-49_yrs,7050355,3909632,19,10.6,37036959,,,,,,,,,
3/15/2021,Ages_40-49_yrs,6911672,3848149,18.7,10.4,37036959,,,,,,,,,
3/14/2021,Ages_40-49_yrs,6748693,3777311,18.2,10.2,37036959,,,,,,,,,
3/13/2021,Ages_40-49_yrs,6531481,3683722,17.6,9.9,37036959,,,,,,,,,
3/12/2021,Ages_40-49_yrs,6272214,3567398,16.9,9.6,37036959,,,,,,,,,
3/11/2021,Ages_40-49_yrs,6071364,3483436,16.4,9.4,37036959,,,,,,,,,
3/10/2021,Ages_40-49_yrs,5897855,3410251,15.9,9.2,37036959,,,,,,,,,
3/9/2021,Ages_40-49_yrs,5767032,3350710,15.6,9,37036959,,,,,,,,,
3/8/2021,Ages_40-49_yrs,5660716,3298161,15.3,8.9,37036959,,,,,,,,,
3/7/2021,Ages_40-49_yrs,5538102,3241413,15,8.8,37036959,,,,,,,,,
3/6/2021,Ages_40-49_yrs,5380937,3164984,14.5,8.5,37036959,,,,,,,,,
3/5/2021,Ages_40-49_yrs,5216629,3091077,14.1,8.3,37036959,,,,,,,,,
3/4/2021,Ages_40-49_yrs,5091153,3032071,13.7,8.2,37036959,,,,,,,,,
3/3/2021,Ages_40-49_yrs,4996943,2980388,13.5,8,37036959,,,,,,,,,
3/2/2021,Ages_40-49_yrs,4899982,2931962,13.2,7.9,37036959,,,,,,,,,
3/1/2021,Ages_40-49_yrs,4816632,2891251,13,7.8,37036959,,,,,,,,,
2/28/2021,Ages_40-49_yrs,4723495,2839509,12.8,7.7,37036959,,,,,,,,,
2/27/2021,Ages_40-49_yrs,4608221,2759180,12.4,7.4,37036959,,,,,,,,,
2/26/2021,Ages_40-49_yrs,4512049,2682853,12.2,7.2,37036959,,,,,,,,,
2/25/2021,Ages_40-49_yrs,4427588,2606712,12,7,37036959,,,,,,,,,
2/24/2021,Ages_40-49_yrs,4361720,2544891,11.8,6.9,37036959,,,,,,,,,
2/23/2021,Ages_40-49_yrs,4308529,2495318,11.6,6.7,37036959,,,,,,,,,
2/22/2021,Ages_40-49_yrs,4274750,2464748,11.5,6.7,37036959,,,,,,,,,
2/21/2021,Ages_40-49_yrs,4233092,2418446,11.4,6.5,37036959,,,,,,,,,
2/20/2021,Ages_40-49_yrs,4170107,2341237,11.3,6.3,37036959,,,,,,,,,
2/19/2021,Ages_40-49_yrs,4108559,2271184,11.1,6.1,37036959,,,,,,,,,
2/18/2021,Ages_40-49_yrs,4041040,2196948,10.9,5.9,37036959,,,,,,,,,
2/17/2021,Ages_40-49_yrs,3988045,2139787,10.8,5.8,37036959,,,,,,,,,
2/16/2021,Ages_40-49_yrs,3946266,2103158,10.7,5.7,37036959,,,,,,,,,
2/15/2021,Ages_40-49_yrs,3906889,2070426,10.5,5.6,37036959,,,,,,,,,
2/14/2021,Ages_40-49_yrs,3848013,2018720,10.4,5.5,37036959,,,,,,,,,
2/13/2021,Ages_40-49_yrs,3758213,1920494,10.1,5.2,37036959,,,,,,,,,
2/12/2021,Ages_40-49_yrs,3674651,1814140,9.9,4.9,37036959,,,,,,,,,
2/11/2021,Ages_40-49_yrs,3602221,1725957,9.7,4.7,37036959,,,,,,,,,
2/10/2021,Ages_40-49_yrs,3544713,1651338,9.6,4.5,37036959,,,,,,,,,
2/9/2021,Ages_40-49_yrs,3482816,1581533,9.4,4.3,37036959,,,,,,,,,
2/8/2021,Ages_40-49_yrs,3440587,1544304,9.3,4.2,37036959,,,,,,,,,
2/7/2021,Ages_40-49_yrs,3386766,1495735,9.1,4,37036959,,,,,,,,,
2/6/2021,Ages_40-49_yrs,3309134,1398521,8.9,3.8,37036959,,,,,,,,,
2/5/2021,Ages_40-49_yrs,3219692,1293007,8.7,3.5,37036959,,,,,,,,,
2/4/2021,Ages_40-49_yrs,3156143,1215037,8.5,3.3,37036959,,,,,,,,,
2/3/2021,Ages_40-49_yrs,3093685,1139936,8.4,3.1,37036959,,,,,,,,,
2/2/2021,Ages_40-49_yrs,3051652,1094925,8.2,3,37036959,,,,,,,,,
2/1/2021,Ages_40-49_yrs,3021314,1075045,8.2,2.9,37036959,,,,,,,,,
1/31/2021,Ages_40-49_yrs,2963973,1037476,8,2.8,37036959,,,,,,,,,
1/30/2021,Ages_40-49_yrs,2876270,974743,7.8,2.6,37036959,,,,,,,,,
1/29/2021,Ages_40-49_yrs,2788241,900760,7.5,2.4,37036959,,,,,,,,,
1/28/2021,Ages_40-49_yrs,2701072,814666,7.3,2.2,37036959,,,,,,,,,
1/27/2021,Ages_40-49_yrs,2628675,738527,7.1,2,37036959,,,,,,,,,
1/26/2021,Ages_40-49_yrs,2565972,681348,6.9,1.8,37036959,,,,,,,,,
1/25/2021,Ages_40-49_yrs,2518858,663498,6.8,1.8,37036959,,,,,,,,,
1/24/2021,Ages_40-49_yrs,2452286,636968,6.6,1.7,37036959,,,,,,,,,
1/23/2021,Ages_40-49_yrs,2340877,598974,6.3,1.6,37036959,,,,,,,,,
1/22/2021,Ages_40-49_yrs,2245630,552726,6.1,1.5,37036959,,,,,,,,,
1/21/2021,Ages_40-49_yrs,2140807,486627,5.8,1.3,37036959,,,,,,,,,
1/20/2021,Ages_40-49_yrs,2060903,439958,5.6,1.2,37036959,,,,,,,,,
1/19/2021,Ages_40-49_yrs,2004795,413796,5.4,1.1,37036959,,,,,,,,,
1/18/2021,Ages_40-49_yrs,1965536,403601,5.3,1.1,37036959,,,,,,,,,
1/17/2021,Ages_40-49_yrs,1901162,391225,5.1,1.1,37036959,,,,,,,,,
1/16/2021,Ages_40-49_yrs,1792552,368475,4.8,1,37036959,,,,,,,,,
1/15/2021,Ages_40-49_yrs,1673497,333807,4.5,0.9,37036959,,,,,,,,,
1/14/2021,Ages_40-49_yrs,1567672,283892,4.2,0.8,37036959,,,,,,,,,
1/13/2021,Ages_40-49_yrs,1479492,229513,4,0.6,37036959,,,,,,,,,
1/12/2021,Ages_40-49_yrs,1400272,178025,3.8,0.5,37036959,,,,,,,,,
1/11/2021,Ages_40-49_yrs,1360885,160517,3.7,0.4,37036959,,,,,,,,,
1/10/2021,Ages_40-49_yrs,1306357,134688,3.5,0.4,37036959,,,,,,,,,
1/9/2021,Ages_40-49_yrs,1211999,79729,3.3,0.2,37036959,,,,,,,,,
1/8/2021,Ages_40-49_yrs,1114144,40852,3,0.1,37036959,,,,,,,,,
1/7/2021,Ages_40-49_yrs,1012896,18382,2.7,0,37036959,,,,,,,,,
1/6/2021,Ages_40-49_yrs,923163,6872,2.5,0,37036959,,,,,,,,,
1/5/2021,Ages_40-49_yrs,853177,2711,2.3,0,37036959,,,,,,,,,
1/4/2021,Ages_40-49_yrs,828899,2477,2.2,0,37036959,,,,,,,,,
1/3/2021,Ages_40-49_yrs,801045,2343,2.2,0,37036959,,,,,,,,,
1/2/2021,Ages_40-49_yrs,775618,2279,2.1,0,37036959,,,,,,,,,
1/1/2021,Ages_40-49_yrs,707962,2121,1.9,0,37036959,,,,,,,,,
12/31/2020,Ages_40-49_yrs,606353,1842,1.6,0,37036959,,,,,,,,,
12/30/2020,Ages_40-49_yrs,523603,1488,1.4,0,37036959,,,,,,,,,
12/29/2020,Ages_40-49_yrs,450265,1020,1.2,0,37036959,,,,,,,,,
12/28/2020,Ages_40-49_yrs,427581,881,1.2,0,37036959,,,,,,,,,
12/27/2020,Ages_40-49_yrs,408973,852,1.1,0,37036959,,,,,,,,,
12/26/2020,Ages_40-49_yrs,396677,833,1.1,0,37036959,,,,,,,,,
12/25/2020,Ages_40-49_yrs,359223,705,1,0,37036959,,,,,,,,,
12/24/2020,Ages_40-49_yrs,273518,559,0.7,0,37036959,,,,,,,,,
12/23/2020,Ages_40-49_yrs,200520,385,0.5,0,37036959,,,,,,,,,
12/22/2020,Ages_40-49_yrs,149259,314,0.4,0,37036959,,,,,,,,,
12/21/2020,Ages_40-49_yrs,124198,246,0.3,0,37036959,,,,,,,,,
12/20/2020,Ages_40-49_yrs,94956,151,0.3,0,37036959,,,,,,,,,
12/19/2020,Ages_40-49_yrs,45664,67,0.1,0,37036959,,,,,,,,,
12/18/2020,Ages_40-49_yrs,16663,18,0,0,37036959,,,,,,,,,
12/17/2020,Ages_40-49_yrs,3634,0,0,0,37036959,,,,,,,,,
12/16/2020,Ages_40-49_yrs,409,0,0,0,37036959,,,,,,,,,
4/26/2021,Ages_30-39_yrs,16993786,10025841,42,24.8,40488888,,,,,,,,,
4/25/2021,Ages_30-39_yrs,16811156,9847138,41.5,24.3,40488888,,,,,,,,,
4/24/2021,Ages_30-39_yrs,16569685,9588922,40.9,23.7,40488888,,,,,,,,,
4/23/2021,Ages_30-39_yrs,16321787,9319137,40.3,23,40488888,,,,,,,,,
4/22/2021,Ages_30-39_yrs,16074962,9054703,39.7,22.4,40488888,,,,,,,,,
4/21/2021,Ages_30-39_yrs,15835698,8829141,39.1,21.8,40488888,,,,,,,,,
4/20/2021,Ages_30-39_yrs,15629810,8649140,38.6,21.4,40488888,,,,,,,,,
4/19/2021,Ages_30-39_yrs,15464422,8533837,38.2,21.1,40488888,,,,,,,,,
4/18/2021,Ages_30-39_yrs,15271495,8380430,37.7,20.7,40488888,,,,,,,,,
4/17/2021,Ages_30-39_yrs,14946032,8144294,36.9,20.1,40488888,,,,,,,,,
4/16/2021,Ages_30-39_yrs,14632146,7905978,36.1,19.5,40488888,,,,,,,,,
4/15/2021,Ages_30-39_yrs,14306272,7652245,35.3,18.9,40488888,,,,,,,,,
4/14/2021,Ages_30-39_yrs,13979352,7428534,34.5,18.3,40488888,,,,,,,,,
4/13/2021,Ages_30-39_yrs,13722368,7258895,33.9,17.9,40488888,,,,,,,,,
4/12/2021,Ages_30-39_yrs,13469003,7088275,33.3,17.5,40488888,,,,,,,,,
4/11/2021,Ages_30-39_yrs,13180242,6902019,32.6,17,40488888,,,,,,,,,
4/10/2021,Ages_30-39_yrs,12816954,6654585,31.7,16.4,40488888,,,,,,,,,
4/9/2021,Ages_30-39_yrs,12376754,6366003,30.6,15.7,40488888,,,,,,,,,
4/8/2021,Ages_30-39_yrs,11987258,6138444,29.6,15.2,40488888,,,,,,,,,
4/7/2021,Ages_30-39_yrs,11647468,5940616,28.8,14.7,40488888,,,,,,,,,
4/6/2021,Ages_30-39_yrs,11357720,5788194,28.1,14.3,40488888,,,,,,,,,
4/5/2021,Ages_30-39_yrs,10707874,5452720,26.4,13.5,40488888,,,,,,,,,
4/4/2021,Ages_30-39_yrs,10705814,5450567,26.4,13.5,40488888,,,,,,,,,
4/3/2021,Ages_30-39_yrs,10700720,5444668,26.4,13.4,40488888,,,,,,,,,
4/2/2021,Ages_30-39_yrs,10333867,5268377,25.5,13,40488888,,,,,,,,,
4/1/2021,Ages_30-39_yrs,10006629,5100875,24.7,12.6,40488888,,,,,,,,,
3/31/2021,Ages_30-39_yrs,9734388,4982149,24,12.3,40488888,,,,,,,,,
3/30/2021,Ages_30-39_yrs,9515781,4880573,23.5,12.1,40488888,,,,,,,,,
3/29/2021,Ages_30-39_yrs,9375156,4810209,23.2,11.9,40488888,,,,,,,,,
3/28/2021,Ages_30-39_yrs,9173632,4713727,22.7,11.6,40488888,,,,,,,,,
3/27/2021,Ages_30-39_yrs,8916799,4586014,22,11.3,40488888,,,,,,,,,
3/26/2021,Ages_30-39_yrs,8635908,4474940,21.3,11.1,40488888,,,,,,,,,
3/25/2021,Ages_30-39_yrs,8355700,4375414,20.6,10.8,40488888,,,,,,,,,
3/24/2021,Ages_30-39_yrs,8133178,4297649,20.1,10.6,40488888,,,,,,,,,
3/23/2021,Ages_30-39_yrs,7927048,4226684,19.6,10.4,40488888,,,,,,,,,
3/22/2021,Ages_30-39_yrs,7784898,4170998,19.2,10.3,40488888,,,,,,,,,
3/21/2021,Ages_30-39_yrs,7602902,4105638,18.8,10.1,40488888,,,,,,,,,
3/20/2021,Ages_30-39_yrs,7344822,4015664,18.1,9.9,40488888,,,,,,,,,
3/19/2021,Ages_30-39_yrs,7098646,3937772,17.5,9.7,40488888,,,,,,,,,
3/18/2021,Ages_30-39_yrs,6904265,3874765,17.1,9.6,40488888,,,,,,,,,
3/17/2021,Ages_30-39_yrs,6703955,3805287,16.6,9.4,40488888,,,,,,,,,
3/16/2021,Ages_30-39_yrs,6538753,3732883,16.1,9.2,40488888,,,,,,,,,
3/15/2021,Ages_30-39_yrs,6413681,3678870,15.8,9.1,40488888,,,,,,,,,
3/14/2021,Ages_30-39_yrs,6266287,3612794,15.5,8.9,40488888,,,,,,,,,
3/13/2021,Ages_30-39_yrs,6076748,3533053,15,8.7,40488888,,,,,,,,,
3/12/2021,Ages_30-39_yrs,5855185,3430390,14.5,8.5,40488888,,,,,,,,,
3/11/2021,Ages_30-39_yrs,5681849,3359560,14,8.3,40488888,,,,,,,,,
3/10/2021,Ages_30-39_yrs,5533511,3297768,13.7,8.1,40488888,,,,,,,,,
3/9/2021,Ages_30-39_yrs,5418101,3247257,13.4,8,40488888,,,,,,,,,
3/8/2021,Ages_30-39_yrs,5318729,3195655,13.1,7.9,40488888,,,,,,,,,
3/7/2021,Ages_30-39_yrs,5209743,3146023,12.9,7.8,40488888,,,,,,,,,
3/6/2021,Ages_30-39_yrs,5073008,3078257,12.5,7.6,40488888,,,,,,,,,
3/5/2021,Ages_30-39_yrs,4930950,3013146,12.2,7.4,40488888,,,,,,,,,
3/4/2021,Ages_30-39_yrs,4822514,2961869,11.9,7.3,40488888,,,,,,,,,
3/3/2021,Ages_30-39_yrs,4741493,2916218,11.7,7.2,40488888,,,,,,,,,
3/2/2021,Ages_30-39_yrs,4658672,2874159,11.5,7.1,40488888,,,,,,,,,
3/1/2021,Ages_30-39_yrs,4585342,2837217,11.3,7,40488888,,,,,,,,,
2/28/2021,Ages_30-39_yrs,4504875,2790454,11.1,6.9,40488888,,,,,,,,,
2/27/2021,Ages_30-39_yrs,4403546,2716796,10.9,6.7,40488888,,,,,,,,,
2/26/2021,Ages_30-39_yrs,4320666,2649167,10.7,6.5,40488888,,,,,,,,,
2/25/2021,Ages_30-39_yrs,4247934,2581036,10.5,6.4,40488888,,,,,,,,,
2/24/2021,Ages_30-39_yrs,4188152,2525225,10.3,6.2,40488888,,,,,,,,,
2/23/2021,Ages_30-39_yrs,4140151,2481007,10.2,6.1,40488888,,,,,,,,,
2/22/2021,Ages_30-39_yrs,4111178,2453475,10.2,6.1,40488888,,,,,,,,,
2/21/2021,Ages_30-39_yrs,4073021,2411212,10.1,6,40488888,,,,,,,,,
2/20/2021,Ages_30-39_yrs,4016986,2340318,9.9,5.8,40488888,,,,,,,,,
2/19/2021,Ages_30-39_yrs,3961756,2274917,9.8,5.6,40488888,,,,,,,,,
2/18/2021,Ages_30-39_yrs,3901823,2206841,9.6,5.5,40488888,,,,,,,,,
2/17/2021,Ages_30-39_yrs,3854344,2151347,9.5,5.3,40488888,,,,,,,,,
2/16/2021,Ages_30-39_yrs,3817900,2116559,9.4,5.2,40488888,,,,,,,,,
2/15/2021,Ages_30-39_yrs,3782731,2086398,9.3,5.2,40488888,,,,,,,,,
2/14/2021,Ages_30-39_yrs,3731387,2037745,9.2,5,40488888,,,,,,,,,
2/13/2021,Ages_30-39_yrs,3651285,1943829,9,4.8,40488888,,,,,,,,,
2/12/2021,Ages_30-39_yrs,3576832,1845081,8.8,4.6,40488888,,,,,,,,,
2/11/2021,Ages_30-39_yrs,3513769,1761946,8.7,4.4,40488888,,,,,,,,,
2/10/2021,Ages_30-39_yrs,3463528,1691752,8.6,4.2,40488888,,,,,,,,,
2/9/2021,Ages_30-39_yrs,3408453,1626667,8.4,4,40488888,,,,,,,,,
2/8/2021,Ages_30-39_yrs,3370270,1592862,8.3,3.9,40488888,,,,,,,,,
2/7/2021,Ages_30-39_yrs,3320022,1544690,8.2,3.8,40488888,,,,,,,,,
2/6/2021,Ages_30-39_yrs,3249833,1449849,8,3.6,40488888,,,,,,,,,
2/5/2021,Ages_30-39_yrs,3170139,1350009,7.8,3.3,40488888,,,,,,,,,
2/4/2021,Ages_30-39_yrs,3113427,1274261,7.7,3.1,40488888,,,,,,,,,
2/3/2021,Ages_30-39_yrs,3055636,1201181,7.5,3,40488888,,,,,,,,,
2/2/2021,Ages_30-39_yrs,3018228,1157418,7.5,2.9,40488888,,,,,,,,,
2/1/2021,Ages_30-39_yrs,2990247,1137971,7.4,2.8,40488888,,,,,,,,,
1/31/2021,Ages_30-39_yrs,2938105,1099813,7.3,2.7,40488888,,,,,,,,,
1/30/2021,Ages_30-39_yrs,2857122,1036204,7.1,2.6,40488888,,,,,,,,,
1/29/2021,Ages_30-39_yrs,2775593,962904,6.9,2.4,40488888,,,,,,,,,
1/28/2021,Ages_30-39_yrs,2695742,878706,6.7,2.2,40488888,,,,,,,,,
1/27/2021,Ages_30-39_yrs,2629582,802709,6.5,2,40488888,,,,,,,,,
1/26/2021,Ages_30-39_yrs,2571798,745735,6.4,1.8,40488888,,,,,,,,,
1/25/2021,Ages_30-39_yrs,2529330,727544,6.2,1.8,40488888,,,,,,,,,
1/24/2021,Ages_30-39_yrs,2468867,699100,6.1,1.7,40488888,,,,,,,,,
1/23/2021,Ages_30-39_yrs,2364724,660104,5.8,1.6,40488888,,,,,,,,,
1/22/2021,Ages_30-39_yrs,2276349,612549,5.6,1.5,40488888,,,,,,,,,
1/21/2021,Ages_30-39_yrs,2179064,546003,5.4,1.3,40488888,,,,,,,,,
1/20/2021,Ages_30-39_yrs,2104658,497489,5.2,1.2,40488888,,,,,,,,,
1/19/2021,Ages_30-39_yrs,2053925,469784,5.1,1.2,40488888,,,,,,,,,
1/18/2021,Ages_30-39_yrs,2016217,458621,5,1.1,40488888,,,,,,,,,
1/17/2021,Ages_30-39_yrs,1953338,445023,4.8,1.1,40488888,,,,,,,,,
1/16/2021,Ages_30-39_yrs,1849018,419167,4.6,1,40488888,,,,,,,,,
1/15/2021,Ages_30-39_yrs,1735131,381293,4.3,0.9,40488888,,,,,,,,,
1/14/2021,Ages_30-39_yrs,1632931,325578,4,0.8,40488888,,,,,,,,,
1/13/2021,Ages_30-39_yrs,1543935,263777,3.8,0.7,40488888,,,,,,,,,
1/12/2021,Ages_30-39_yrs,1467220,205213,3.6,0.5,40488888,,,,,,,,,
1/11/2021,Ages_30-39_yrs,1429371,183993,3.5,0.5,40488888,,,,,,,,,
1/10/2021,Ages_30-39_yrs,1373303,152950,3.4,0.4,40488888,,,,,,,,,
1/9/2021,Ages_30-39_yrs,1279151,90557,3.2,0.2,40488888,,,,,,,,,
1/8/2021,Ages_30-39_yrs,1181876,46171,2.9,0.1,40488888,,,,,,,,,
1/7/2021,Ages_30-39_yrs,1080104,20361,2.7,0.1,40488888,,,,,,,,,
1/6/2021,Ages_30-39_yrs,990691,7728,2.4,0,40488888,,,,,,,,,
1/5/2021,Ages_30-39_yrs,919795,2855,2.3,0,40488888,,,,,,,,,
1/4/2021,Ages_30-39_yrs,895459,2575,2.2,0,40488888,,,,,,,,,
1/3/2021,Ages_30-39_yrs,868000,2437,2.1,0,40488888,,,,,,,,,
1/2/2021,Ages_30-39_yrs,842096,2345,2.1,0,40488888,,,,,,,,,
1/1/2021,Ages_30-39_yrs,771780,2194,1.9,0,40488888,,,,,,,,,
12/31/2020,Ages_30-39_yrs,668234,1944,1.7,0,40488888,,,,,,,,,
12/30/2020,Ages_30-39_yrs,582463,1642,1.4,0,40488888,,,,,,,,,
12/29/2020,Ages_30-39_yrs,506000,1218,1.2,0,40488888,,,,,,,,,
12/28/2020,Ages_30-39_yrs,482227,1100,1.2,0,40488888,,,,,,,,,
12/27/2020,Ages_30-39_yrs,462659,1070,1.1,0,40488888,,,,,,,,,
12/26/2020,Ages_30-39_yrs,448948,1033,1.1,0,40488888,,,,,,,,,
12/25/2020,Ages_30-39_yrs,408548,867,1,0,40488888,,,,,,,,,
12/24/2020,Ages_30-39_yrs,315502,675,0.8,0,40488888,,,,,,,,,
12/23/2020,Ages_30-39_yrs,234404,478,0.6,0,40488888,,,,,,,,,
12/22/2020,Ages_30-39_yrs,176285,393,0.4,0,40488888,,,,,,,,,
12/21/2020,Ages_30-39_yrs,146278,290,0.4,0,40488888,,,,,,,,,
12/20/2020,Ages_30-39_yrs,110664,170,0.3,0,40488888,,,,,,,,,
12/19/2020,Ages_30-39_yrs,53903,89,0.1,0,40488888,,,,,,,,,
12/18/2020,Ages_30-39_yrs,19799,24,0,0,40488888,,,,,,,,,
12/17/2020,Ages_30-39_yrs,4207,1,0,0,40488888,,,,,,,,,
12/16/2020,Ages_30-39_yrs,425,0,0,0,40488888,,,,,,,,,
4/26/2021,Ages_18-29_yrs,16038274,8250383,32.5,16.7,49352163,,,,,,,,,
4/25/2021,Ages_18-29_yrs,15812767,8082292,32,16.4,49352163,,,,,,,,,
4/24/2021,Ages_18-29_yrs,15510265,7842848,31.4,15.9,49352163,,,,,,,,,
4/23/2021,Ages_18-29_yrs,15200392,7584758,30.8,15.4,49352163,,,,,,,,,
4/22/2021,Ages_18-29_yrs,14891969,7339765,30.2,14.9,49352163,,,,,,,,,
4/21/2021,Ages_18-29_yrs,14589240,7134819,29.6,14.5,49352163,,,,,,,,,
4/20/2021,Ages_18-29_yrs,14334026,6968986,29,14.1,49352163,,,,,,,,,
4/19/2021,Ages_18-29_yrs,14130618,6861104,28.6,13.9,49352163,,,,,,,,,
4/18/2021,Ages_18-29_yrs,13894194,6721726,28.2,13.6,49352163,,,,,,,,,
4/17/2021,Ages_18-29_yrs,13496995,6507980,27.3,13.2,49352163,,,,,,,,,
4/16/2021,Ages_18-29_yrs,13109983,6292757,26.6,12.8,49352163,,,,,,,,,
4/15/2021,Ages_18-29_yrs,12719248,6070868,25.8,12.3,49352163,,,,,,,,,
4/14/2021,Ages_18-29_yrs,12327662,5871542,25,11.9,49352163,,,,,,,,,
4/13/2021,Ages_18-29_yrs,12025007,5708807,24.4,11.6,49352163,,,,,,,,,
4/12/2021,Ages_18-29_yrs,11723155,5543126,23.8,11.2,49352163,,,,,,,,,
4/11/2021,Ages_18-29_yrs,11395292,5369784,23.1,10.9,49352163,,,,,,,,,
4/10/2021,Ages_18-29_yrs,10977465,5139190,22.2,10.4,49352163,,,,,,,,,
4/9/2021,Ages_18-29_yrs,10471336,4875725,21.2,9.9,49352163,,,,,,,,,
4/8/2021,Ages_18-29_yrs,10028095,4667738,20.3,9.5,49352163,,,,,,,,,
4/7/2021,Ages_18-29_yrs,9659204,4491392,19.6,9.1,49352163,,,,,,,,,
4/6/2021,Ages_18-29_yrs,9367254,4359672,19,8.8,49352163,,,,,,,,,
4/5/2021,Ages_18-29_yrs,8738453,4074233,17.7,8.3,49352163,,,,,,,,,
4/4/2021,Ages_18-29_yrs,8737670,4073293,17.7,8.3,49352163,,,,,,,,,
4/3/2021,Ages_18-29_yrs,8734884,4069551,17.7,8.2,49352163,,,,,,,,,
4/2/2021,Ages_18-29_yrs,8390612,3928615,17,8,49352163,,,,,,,,,
4/1/2021,Ages_18-29_yrs,8079242,3795437,16.4,7.7,49352163,,,,,,,,,
3/31/2021,Ages_18-29_yrs,7819799,3703981,15.8,7.5,49352163,,,,,,,,,
3/30/2021,Ages_18-29_yrs,7615317,3623343,15.4,7.3,49352163,,,,,,,,,
3/29/2021,Ages_18-29_yrs,7480827,3566790,15.2,7.2,49352163,,,,,,,,,
3/28/2021,Ages_18-29_yrs,7293360,3490713,14.8,7.1,49352163,,,,,,,,,
3/27/2021,Ages_18-29_yrs,7053806,3392691,14.3,6.9,49352163,,,,,,,,,
3/26/2021,Ages_18-29_yrs,6792085,3305326,13.8,6.7,49352163,,,,,,,,,
3/25/2021,Ages_18-29_yrs,6539605,3227413,13.3,6.5,49352163,,,,,,,,,
3/24/2021,Ages_18-29_yrs,6342853,3168148,12.9,6.4,49352163,,,,,,,,,
3/23/2021,Ages_18-29_yrs,6163622,3113584,12.5,6.3,49352163,,,,,,,,,
3/22/2021,Ages_18-29_yrs,6040584,3071948,12.2,6.2,49352163,,,,,,,,,
3/21/2021,Ages_18-29_yrs,5882031,3021295,11.9,6.1,49352163,,,,,,,,,
3/20/2021,Ages_18-29_yrs,5655941,2951522,11.5,6,49352163,,,,,,,,,
3/19/2021,Ages_18-29_yrs,5447248,2891564,11,5.9,49352163,,,,,,,,,
3/18/2021,Ages_18-29_yrs,5282909,2843571,10.7,5.8,49352163,,,,,,,,,
3/17/2021,Ages_18-29_yrs,5112985,2790126,10.4,5.7,49352163,,,,,,,,,
3/16/2021,Ages_18-29_yrs,4978656,2736930,10.1,5.5,49352163,,,,,,,,,
3/15/2021,Ages_18-29_yrs,4869917,2693298,9.9,5.5,49352163,,,,,,,,,
3/14/2021,Ages_18-29_yrs,4744146,2633571,9.6,5.3,49352163,,,,,,,,,
3/13/2021,Ages_18-29_yrs,4592304,2572419,9.3,5.2,49352163,,,,,,,,,
3/12/2021,Ages_18-29_yrs,4416061,2492106,8.9,5,49352163,,,,,,,,,
3/11/2021,Ages_18-29_yrs,4279735,2439059,8.7,4.9,49352163,,,,,,,,,
3/10/2021,Ages_18-29_yrs,4166055,2392668,8.4,4.8,49352163,,,,,,,,,
3/9/2021,Ages_18-29_yrs,4073042,2354786,8.3,4.8,49352163,,,,,,,,,
3/8/2021,Ages_18-29_yrs,3990557,2311877,8.1,4.7,49352163,,,,,,,,,
3/7/2021,Ages_18-29_yrs,3905122,2274929,7.9,4.6,49352163,,,,,,,,,
3/6/2021,Ages_18-29_yrs,3799283,2223169,7.7,4.5,49352163,,,,,,,,,
3/5/2021,Ages_18-29_yrs,3688178,2172495,7.5,4.4,49352163,,,,,,,,,
3/4/2021,Ages_18-29_yrs,3603865,2133301,7.3,4.3,49352163,,,,,,,,,
3/3/2021,Ages_18-29_yrs,3543952,2097837,7.2,4.3,49352163,,,,,,,,,
3/2/2021,Ages_18-29_yrs,3482527,2065543,7.1,4.2,49352163,,,,,,,,,
3/1/2021,Ages_18-29_yrs,3426470,2035746,6.9,4.1,49352163,,,,,,,,,
2/28/2021,Ages_18-29_yrs,3366876,1998147,6.8,4,49352163,,,,,,,,,
2/27/2021,Ages_18-29_yrs,3290400,1941730,6.7,3.9,49352163,,,,,,,,,
2/26/2021,Ages_18-29_yrs,3227934,1890584,6.5,3.8,49352163,,,,,,,,,
2/25/2021,Ages_18-29_yrs,3173602,1838581,6.4,3.7,49352163,,,,,,,,,
2/24/2021,Ages_18-29_yrs,3126587,1793849,6.3,3.6,49352163,,,,,,,,,
2/23/2021,Ages_18-29_yrs,3089545,1758519,6.3,3.6,49352163,,,,,,,,,
2/22/2021,Ages_18-29_yrs,3066314,1736372,6.2,3.5,49352163,,,,,,,,,
2/21/2021,Ages_18-29_yrs,3034379,1702588,6.1,3.4,49352163,,,,,,,,,
2/20/2021,Ages_18-29_yrs,2989862,1645844,6.1,3.3,49352163,,,,,,,,,
2/19/2021,Ages_18-29_yrs,2946873,1594277,6,3.2,49352163,,,,,,,,,
2/18/2021,Ages_18-29_yrs,2899999,1540301,5.9,3.1,49352163,,,,,,,,,
2/17/2021,Ages_18-29_yrs,2859563,1493448,5.8,3,49352163,,,,,,,,,
2/16/2021,Ages_18-29_yrs,2831899,1464988,5.7,3,49352163,,,,,,,,,
2/15/2021,Ages_18-29_yrs,2804388,1439655,5.7,2.9,49352163,,,,,,,,,
2/14/2021,Ages_18-29_yrs,2763104,1400467,5.6,2.8,49352163,,,,,,,,,
2/13/2021,Ages_18-29_yrs,2700897,1326403,5.5,2.7,49352163,,,,,,,,,
2/12/2021,Ages_18-29_yrs,2642574,1249918,5.4,2.5,49352163,,,,,,,,,
2/11/2021,Ages_18-29_yrs,2594673,1185957,5.3,2.4,49352163,,,,,,,,,
2/10/2021,Ages_18-29_yrs,2556144,1131307,5.2,2.3,49352163,,,,,,,,,
2/9/2021,Ages_18-29_yrs,2512707,1080056,5.1,2.2,49352163,,,,,,,,,
2/8/2021,Ages_18-29_yrs,2481645,1053339,5,2.1,49352163,,,,,,,,,
2/7/2021,Ages_18-29_yrs,2441355,1013439,4.9,2.1,49352163,,,,,,,,,
2/6/2021,Ages_18-29_yrs,2385534,941281,4.8,1.9,49352163,,,,,,,,,
2/5/2021,Ages_18-29_yrs,2321911,866443,4.7,1.8,49352163,,,,,,,,,
2/4/2021,Ages_18-29_yrs,2277870,810775,4.6,1.6,49352163,,,,,,,,,
2/3/2021,Ages_18-29_yrs,2232845,755671,4.5,1.5,49352163,,,,,,,,,
2/2/2021,Ages_18-29_yrs,2203946,724521,4.5,1.5,49352163,,,,,,,,,
2/1/2021,Ages_18-29_yrs,2181461,709544,4.4,1.4,49352163,,,,,,,,,
1/31/2021,Ages_18-29_yrs,2138364,679232,4.3,1.4,49352163,,,,,,,,,
1/30/2021,Ages_18-29_yrs,2072697,633495,4.2,1.3,49352163,,,,,,,,,
1/29/2021,Ages_18-29_yrs,2008315,582470,4.1,1.2,49352163,,,,,,,,,
1/28/2021,Ages_18-29_yrs,1944824,524835,3.9,1.1,49352163,,,,,,,,,
1/27/2021,Ages_18-29_yrs,1891762,474855,3.8,1,49352163,,,,,,,,,
1/26/2021,Ages_18-29_yrs,1845213,436757,3.7,0.9,49352163,,,,,,,,,
1/25/2021,Ages_18-29_yrs,1810093,422920,3.7,0.9,49352163,,,,,,,,,
1/24/2021,Ages_18-29_yrs,1759732,404072,3.6,0.8,49352163,,,,,,,,,
1/23/2021,Ages_18-29_yrs,1679557,379564,3.4,0.8,49352163,,,,,,,,,
1/22/2021,Ages_18-29_yrs,1608405,349316,3.3,0.7,49352163,,,,,,,,,
1/21/2021,Ages_18-29_yrs,1529919,308857,3.1,0.6,49352163,,,,,,,,,
1/20/2021,Ages_18-29_yrs,1472327,280318,3,0.6,49352163,,,,,,,,,
1/19/2021,Ages_18-29_yrs,1430804,262499,2.9,0.5,49352163,,,,,,,,,
1/18/2021,Ages_18-29_yrs,1400840,255198,2.8,0.5,49352163,,,,,,,,,
1/17/2021,Ages_18-29_yrs,1347578,246547,2.7,0.5,49352163,,,,,,,,,
1/16/2021,Ages_18-29_yrs,1267118,231115,2.6,0.5,49352163,,,,,,,,,
1/15/2021,Ages_18-29_yrs,1177424,208683,2.4,0.4,49352163,,,,,,,,,
1/14/2021,Ages_18-29_yrs,1097076,176154,2.2,0.4,49352163,,,,,,,,,
1/13/2021,Ages_18-29_yrs,1025361,140377,2.1,0.3,49352163,,,,,,,,,
1/12/2021,Ages_18-29_yrs,965688,107579,2,0.2,49352163,,,,,,,,,
1/11/2021,Ages_18-29_yrs,934030,95552,1.9,0.2,49352163,,,,,,,,,
1/10/2021,Ages_18-29_yrs,889942,78393,1.8,0.2,49352163,,,,,,,,,
1/9/2021,Ages_18-29_yrs,818903,46344,1.7,0.1,49352163,,,,,,,,,
1/8/2021,Ages_18-29_yrs,747755,23319,1.5,0,49352163,,,,,,,,,
1/7/2021,Ages_18-29_yrs,673380,10298,1.4,0,49352163,,,,,,,,,
1/6/2021,Ages_18-29_yrs,610286,3819,1.2,0,49352163,,,,,,,,,
1/5/2021,Ages_18-29_yrs,559055,1477,1.1,0,49352163,,,,,,,,,
1/4/2021,Ages_18-29_yrs,540562,1337,1.1,0,49352163,,,,,,,,,
1/3/2021,Ages_18-29_yrs,520796,1261,1.1,0,49352163,,,,,,,,,
1/2/2021,Ages_18-29_yrs,503743,1214,1,0,49352163,,,,,,,,,
1/1/2021,Ages_18-29_yrs,457862,1122,0.9,0,49352163,,,,,,,,,
12/31/2020,Ages_18-29_yrs,389935,949,0.8,0,49352163,,,,,,,,,
12/30/2020,Ages_18-29_yrs,335233,777,0.7,0,49352163,,,,,,,,,
12/29/2020,Ages_18-29_yrs,287772,604,0.6,0,49352163,,,,,,,,,
12/28/2020,Ages_18-29_yrs,272902,541,0.6,0,49352163,,,,,,,,,
12/27/2020,Ages_18-29_yrs,260650,530,0.5,0,49352163,,,,,,,,,
12/26/2020,Ages_18-29_yrs,251319,513,0.5,0,49352163,,,,,,,,,
12/25/2020,Ages_18-29_yrs,226994,429,0.5,0,49352163,,,,,,,,,
12/24/2020,Ages_18-29_yrs,173738,332,0.4,0,49352163,,,,,,,,,
12/23/2020,Ages_18-29_yrs,127336,212,0.3,0,49352163,,,,,,,,,
12/22/2020,Ages_18-29_yrs,94276,163,0.2,0,49352163,,,,,,,,,
12/21/2020,Ages_18-29_yrs,78349,120,0.2,0,49352163,,,,,,,,,
12/20/2020,Ages_18-29_yrs,58625,86,0.1,0,49352163,,,,,,,,,
12/19/2020,Ages_18-29_yrs,28490,46,0.1,0,49352163,,,,,,,,,
12/18/2020,Ages_18-29_yrs,10597,5,0,0,49352163,,,,,,,,,
12/17/2020,Ages_18-29_yrs,2216,0,0,0,49352163,,,,,,,,,
12/16/2020,Ages_18-29_yrs,172,0,0,0,49352163,,,,,,,,,
4/26/2021,Ages_<18yrs,1644949,384870,2.5,0.6,66470007,,,,,,,,,
4/25/2021,Ages_<18yrs,1575353,361940,2.4,0.5,66470007,,,,,,,,,
4/24/2021,Ages_<18yrs,1506013,334365,2.3,0.5,66470007,,,,,,,,,
4/23/2021,Ages_<18yrs,1435463,305775,2.2,0.5,66470007,,,,,,,,,
4/22/2021,Ages_<18yrs,1369810,281066,2.1,0.4,66470007,,,,,,,,,
4/21/2021,Ages_<18yrs,1303894,260608,2,0.4,66470007,,,,,,,,,
4/20/2021,Ages_<18yrs,1247876,244031,1.9,0.4,66470007,,,,,,,,,
4/19/2021,Ages_<18yrs,1200273,232782,1.8,0.4,66470007,,,,,,,,,
4/18/2021,Ages_<18yrs,1138533,218762,1.7,0.3,66470007,,,,,,,,,
4/17/2021,Ages_<18yrs,1056446,202224,1.6,0.3,66470007,,,,,,,,,
4/16/2021,Ages_<18yrs,988781,186680,1.5,0.3,66470007,,,,,,,,,
4/15/2021,Ages_<18yrs,924698,171391,1.4,0.3,66470007,,,,,,,,,
4/14/2021,Ages_<18yrs,862833,158876,1.3,0.2,66470007,,,,,,,,,
4/13/2021,Ages_<18yrs,818360,150425,1.2,0.2,66470007,,,,,,,,,
4/12/2021,Ages_<18yrs,771377,142994,1.2,0.2,66470007,,,,,,,,,
4/11/2021,Ages_<18yrs,721145,135286,1.1,0.2,66470007,,,,,,,,,
4/10/2021,Ages_<18yrs,667746,125795,1,0.2,66470007,,,,,,,,,
4/9/2021,Ages_<18yrs,608748,115718,0.9,0.2,66470007,,,,,,,,,
4/8/2021,Ages_<18yrs,555613,107300,0.8,0.2,66470007,,,,,,,,,
4/7/2021,Ages_<18yrs,512864,100079,0.8,0.2,66470007,,,,,,,,,
4/6/2021,Ages_<18yrs,476940,94551,0.7,0.1,66470007,,,,,,,,,
4/5/2021,Ages_<18yrs,402438,83320,0.6,0.1,66470007,,,,,,,,,
4/4/2021,Ages_<18yrs,402329,83280,0.6,0.1,66470007,,,,,,,,,
4/3/2021,Ages_<18yrs,401891,82886,0.6,0.1,66470007,,,,,,,,,
4/2/2021,Ages_<18yrs,366396,77589,0.6,0.1,66470007,,,,,,,,,
4/1/2021,Ages_<18yrs,336287,72778,0.5,0.1,66470007,,,,,,,,,
3/31/2021,Ages_<18yrs,311675,69341,0.5,0.1,66470007,,,,,,,,,
3/30/2021,Ages_<18yrs,291629,66340,0.4,0.1,66470007,,,,,,,,,
3/29/2021,Ages_<18yrs,277968,63595,0.4,0.1,66470007,,,,,,,,,
3/28/2021,Ages_<18yrs,260140,60506,0.4,0.1,66470007,,,,,,,,,
3/27/2021,Ages_<18yrs,241995,57595,0.4,0.1,66470007,,,,,,,,,
3/26/2021,Ages_<18yrs,223625,54561,0.3,0.1,66470007,,,,,,,,,
3/25/2021,Ages_<18yrs,206015,52200,0.3,0.1,66470007,,,,,,,,,
3/24/2021,Ages_<18yrs,193296,50175,0.3,0.1,66470007,,,,,,,,,
3/23/2021,Ages_<18yrs,180949,48149,0.3,0.1,66470007,,,,,,,,,
3/22/2021,Ages_<18yrs,172941,46731,0.3,0.1,66470007,,,,,,,,,
3/21/2021,Ages_<18yrs,163685,44817,0.2,0.1,66470007,,,,,,,,,
3/20/2021,Ages_<18yrs,151495,42622,0.2,0.1,66470007,,,,,,,,,
3/19/2021,Ages_<18yrs,140627,41215,0.2,0.1,66470007,,,,,,,,,
3/18/2021,Ages_<18yrs,131882,40024,0.2,0.1,66470007,,,,,,,,,
3/17/2021,Ages_<18yrs,123009,38545,0.2,0.1,66470007,,,,,,,,,
3/16/2021,Ages_<18yrs,116948,37542,0.2,0.1,66470007,,,,,,,,,
3/15/2021,Ages_<18yrs,111472,36325,0.2,0.1,66470007,,,,,,,,,
3/14/2021,Ages_<18yrs,105808,35192,0.2,0.1,66470007,,,,,,,,,
3/13/2021,Ages_<18yrs,99707,34073,0.2,0.1,66470007,,,,,,,,,
3/12/2021,Ages_<18yrs,93001,32654,0.1,0,66470007,,,,,,,,,
3/11/2021,Ages_<18yrs,87517,31166,0.1,0,66470007,,,,,,,,,
3/10/2021,Ages_<18yrs,83486,30387,0.1,0,66470007,,,,,,,,,
3/9/2021,Ages_<18yrs,79872,29572,0.1,0,66470007,,,,,,,,,
3/8/2021,Ages_<18yrs,76600,28858,0.1,0,66470007,,,,,,,,,
3/7/2021,Ages_<18yrs,73349,28115,0.1,0,66470007,,,,,,,,,
3/6/2021,Ages_<18yrs,69951,27231,0.1,0,66470007,,,,,,,,,
3/5/2021,Ages_<18yrs,65867,26047,0.1,0,66470007,,,,,,,,,
3/4/2021,Ages_<18yrs,62923,25122,0.1,0,66470007,,,,,,,,,
3/3/2021,Ages_<18yrs,60853,24303,0.1,0,66470007,,,,,,,,,
3/2/2021,Ages_<18yrs,58977,23605,0.1,0,66470007,,,,,,,,,
3/1/2021,Ages_<18yrs,56608,22614,0.1,0,66470007,,,,,,,,,
2/28/2021,Ages_<18yrs,54405,21795,0.1,0,66470007,,,,,,,,,
2/27/2021,Ages_<18yrs,52139,20748,0.1,0,66470007,,,,,,,,,
2/26/2021,Ages_<18yrs,50469,19873,0.1,0,66470007,,,,,,,,,
2/25/2021,Ages_<18yrs,48263,18907,0.1,0,66470007,,,,,,,,,
2/24/2021,Ages_<18yrs,46745,18004,0.1,0,66470007,,,,,,,,,
2/23/2021,Ages_<18yrs,45656,17500,0.1,0,66470007,,,,,,,,,
2/22/2021,Ages_<18yrs,44453,16972,0.1,0,66470007,,,,,,,,,
2/21/2021,Ages_<18yrs,43234,16102,0.1,0,66470007,,,,,,,,,
2/20/2021,Ages_<18yrs,42084,15010,0.1,0,66470007,,,,,,,,,
2/19/2021,Ages_<18yrs,40993,14137,0.1,0,66470007,,,,,,,,,
2/18/2021,Ages_<18yrs,39643,13369,0.1,0,66470007,,,,,,,,,
2/17/2021,Ages_<18yrs,38779,12780,0.1,0,66470007,,,,,,,,,
2/16/2021,Ages_<18yrs,38033,12417,0.1,0,66470007,,,,,,,,,
2/15/2021,Ages_<18yrs,37279,12014,0.1,0,66470007,,,,,,,,,
2/14/2021,Ages_<18yrs,36423,11467,0.1,0,66470007,,,,,,,,,
2/13/2021,Ages_<18yrs,35112,10574,0.1,0,66470007,,,,,,,,,
2/12/2021,Ages_<18yrs,33834,9654,0.1,0,66470007,,,,,,,,,
2/11/2021,Ages_<18yrs,32765,8913,0,0,66470007,,,,,,,,,
2/10/2021,Ages_<18yrs,31808,8320,0,0,66470007,,,,,,,,,
2/9/2021,Ages_<18yrs,30808,7671,0,0,66470007,,,,,,,,,
2/8/2021,Ages_<18yrs,29556,7292,0,0,66470007,,,,,,,,,
2/7/2021,Ages_<18yrs,28621,6929,0,0,66470007,,,,,,,,,
2/6/2021,Ages_<18yrs,27472,6357,0,0,66470007,,,,,,,,,
2/5/2021,Ages_<18yrs,26153,5703,0,0,66470007,,,,,,,,,
2/4/2021,Ages_<18yrs,25354,5260,0,0,66470007,,,,,,,,,
2/3/2021,Ages_<18yrs,24490,4807,0,0,66470007,,,,,,,,,
2/2/2021,Ages_<18yrs,23885,4526,0,0,66470007,,,,,,,,,
2/1/2021,Ages_<18yrs,23308,4341,0,0,66470007,,,,,,,,,
1/31/2021,Ages_<18yrs,22314,3972,0,0,66470007,,,,,,,,,
1/30/2021,Ages_<18yrs,21118,3562,0,0,66470007,,,,,,,,,
1/29/2021,Ages_<18yrs,20145,3215,0,0,66470007,,,,,,,,,
1/28/2021,Ages_<18yrs,19028,2830,0,0,66470007,,,,,,,,,
1/27/2021,Ages_<18yrs,18159,2452,0,0,66470007,,,,,,,,,
1/26/2021,Ages_<18yrs,17380,2273,0,0,66470007,,,,,,,,,
1/25/2021,Ages_<18yrs,16672,2144,0,0,66470007,,,,,,,,,
1/24/2021,Ages_<18yrs,15768,2024,0,0,66470007,,,,,,,,,
1/23/2021,Ages_<18yrs,14412,1818,0,0,66470007,,,,,,,,,
1/22/2021,Ages_<18yrs,13341,1597,0,0,66470007,,,,,,,,,
1/21/2021,Ages_<18yrs,12271,1306,0,0,66470007,,,,,,,,,
1/20/2021,Ages_<18yrs,11563,1147,0,0,66470007,,,,,,,,,
1/19/2021,Ages_<18yrs,11025,1031,0,0,66470007,,,,,,,,,
1/18/2021,Ages_<18yrs,10569,979,0,0,66470007,,,,,,,,,
1/17/2021,Ages_<18yrs,9673,907,0,0,66470007,,,,,,,,,
1/16/2021,Ages_<18yrs,8874,840,0,0,66470007,,,,,,,,,
1/15/2021,Ages_<18yrs,8156,736,0,0,66470007,,,,,,,,,
1/14/2021,Ages_<18yrs,7328,592,0,0,66470007,,,,,,,,,
1/13/2021,Ages_<18yrs,6756,469,0,0,66470007,,,,,,,,,
1/12/2021,Ages_<18yrs,6197,354,0,0,66470007,,,,,,,,,
1/11/2021,Ages_<18yrs,5797,315,0,0,66470007,,,,,,,,,
1/10/2021,Ages_<18yrs,5383,246,0,0,66470007,,,,,,,,,
1/9/2021,Ages_<18yrs,4813,174,0,0,66470007,,,,,,,,,
1/8/2021,Ages_<18yrs,4403,96,0,0,66470007,,,,,,,,,
1/7/2021,Ages_<18yrs,3929,61,0,0,66470007,,,,,,,,,
1/6/2021,Ages_<18yrs,3200,30,0,0,66470007,,,,,,,,,
1/5/2021,Ages_<18yrs,2819,18,0,0,66470007,,,,,,,,,
1/4/2021,Ages_<18yrs,2660,16,0,0,66470007,,,,,,,,,
1/3/2021,Ages_<18yrs,2506,16,0,0,66470007,,,,,,,,,
1/2/2021,Ages_<18yrs,2343,15,0,0,66470007,,,,,,,,,
1/1/2021,Ages_<18yrs,2057,15,0,0,66470007,,,,,,,,,
12/31/2020,Ages_<18yrs,1703,13,0,0,66470007,,,,,,,,,
12/30/2020,Ages_<18yrs,1421,12,0,0,66470007,,,,,,,,,
12/29/2020,Ages_<18yrs,1202,9,0,0,66470007,,,,,,,,,
12/28/2020,Ages_<18yrs,1094,9,0,0,66470007,,,,,,,,,
12/27/2020,Ages_<18yrs,1014,9,0,0,66470007,,,,,,,,,
12/26/2020,Ages_<18yrs,940,9,0,0,66470007,,,,,,,,,
12/25/2020,Ages_<18yrs,828,8,0,0,66470007,,,,,,,,,
12/24/2020,Ages_<18yrs,605,6,0,0,66470007,,,,,,,,,
12/23/2020,Ages_<18yrs,432,5,0,0,66470007,,,,,,,,,
12/22/2020,Ages_<18yrs,298,2,0,0,66470007,,,,,,,,,
12/21/2020,Ages_<18yrs,235,2,0,0,66470007,,,,,,,,,
12/20/2020,Ages_<18yrs,169,2,0,0,66470007,,,,,,,,,
12/19/2020,Ages_<18yrs,69,2,0,0,66470007,,,,,,,,,
12/18/2020,Ages_<18yrs,23,2,0,0,66470007,,,,,,,,,
12/17/2020,Ages_<18yrs,2,1,0,0,66470007,,,,,,,,,
4/26/2021,Age_unknown,19082,2801,0,0,0,,,,,,,,,
4/25/2021,Age_unknown,19032,2775,0,0,0,,,,,,,,,
4/24/2021,Age_unknown,18826,2743,0,0,0,,,,,,,,,
4/23/2021,Age_unknown,18683,2726,0,0,0,,,,,,,,,
4/22/2021,Age_unknown,18543,2684,0,0,0,,,,,,,,,
4/21/2021,Age_unknown,18341,2656,0,0,0,,,,,,,,,
4/20/2021,Age_unknown,17848,2632,0,0,0,,,,,,,,,
4/19/2021,Age_unknown,17798,2609,0,0,0,,,,,,,,,
4/18/2021,Age_unknown,17759,2588,0,0,0,,,,,,,,,
4/17/2021,Age_unknown,17574,2554,0,0,0,,,,,,,,,
4/16/2021,Age_unknown,17423,2504,0,0,0,,,,,,,,,
4/15/2021,Age_unknown,17259,2459,0,0,0,,,,,,,,,
4/14/2021,Age_unknown,17055,2398,0,0,0,,,,,,,,,
4/13/2021,Age_unknown,16932,2365,0,0,0,,,,,,,,,
4/12/2021,Age_unknown,16839,2336,0,0,0,,,,,,,,,
4/11/2021,Age_unknown,16752,2306,0,0,0,,,,,,,,,
4/10/2021,Age_unknown,16555,2250,0,0,0,,,,,,,,,
4/9/2021,Age_unknown,16364,2176,0,0,0,,,,,,,,,
4/8/2021,Age_unknown,16198,2126,0,0,0,,,,,,,,,
4/7/2021,Age_unknown,16196,2112,0,0,0,,,,,,,,,
4/6/2021,Age_unknown,158966,4715,0,0,0,,,,,,,,,
4/5/2021,Age_unknown,3230560,2337238,0,0,0,,,,,,,,,
4/4/2021,Age_unknown,2091170,1490447,0,0,0,,,,,,,,,
4/3/2021,Age_unknown,138835,4177,0,0,0,,,,,,,,,
4/2/2021,Age_unknown,105265,3511,0,0,0,,,,,,,,,
4/1/2021,Age_unknown,98830,3350,0,0,0,,,,,,,,,
3/31/2021,Age_unknown,15175,1787,0,0,0,,,,,,,,,
3/30/2021,Age_unknown,15001,1702,0,0,0,,,,,,,,,
3/29/2021,Age_unknown,14941,1689,0,0,0,,,,,,,,,
3/28/2021,Age_unknown,14836,1673,0,0,0,,,,,,,,,
3/27/2021,Age_unknown,14663,1631,0,0,0,,,,,,,,,
3/26/2021,Age_unknown,14549,1610,0,0,0,,,,,,,,,
3/25/2021,Age_unknown,14393,1578,0,0,0,,,,,,,,,
3/24/2021,Age_unknown,14265,1555,0,0,0,,,,,,,,,
3/23/2021,Age_unknown,14139,1517,0,0,0,,,,,,,,,
3/22/2021,Age_unknown,13943,1491,0,0,0,,,,,,,,,
3/21/2021,Age_unknown,13857,1465,0,0,0,,,,,,,,,
3/20/2021,Age_unknown,13731,1447,0,0,0,,,,,,,,,
3/19/2021,Age_unknown,13607,1423,0,0,0,,,,,,,,,
3/18/2021,Age_unknown,13445,1395,0,0,0,,,,,,,,,
3/17/2021,Age_unknown,13299,1369,0,0,0,,,,,,,,,
3/16/2021,Age_unknown,13183,1333,0,0,0,,,,,,,,,
3/15/2021,Age_unknown,13066,1317,0,0,0,,,,,,,,,
3/14/2021,Age_unknown,12973,1310,0,0,0,,,,,,,,,
3/13/2021,Age_unknown,12845,1285,0,0,0,,,,,,,,,
3/12/2021,Age_unknown,12456,1214,0,0,0,,,,,,,,,
3/11/2021,Age_unknown,12286,1187,0,0,0,,,,,,,,,
3/10/2021,Age_unknown,11934,1162,0,0,0,,,,,,,,,
3/9/2021,Age_unknown,11306,1142,0,0,0,,,,,,,,,
3/8/2021,Age_unknown,11201,1112,0,0,0,,,,,,,,,
3/7/2021,Age_unknown,11119,1100,0,0,0,,,,,,,,,
3/6/2021,Age_unknown,10996,1083,0,0,0,,,,,,,,,
3/5/2021,Age_unknown,10880,1063,0,0,0,,,,,,,,,
3/4/2021,Age_unknown,10751,1054,0,0,0,,,,,,,,,
3/3/2021,Age_unknown,10500,975,0,0,0,,,,,,,,,
3/2/2021,Age_unknown,10422,962,0,0,0,,,,,,,,,
3/1/2021,Age_unknown,10368,956,0,0,0,,,,,,,,,
2/28/2021,Age_unknown,10316,938,0,0,0,,,,,,,,,
2/27/2021,Age_unknown,10138,918,0,0,0,,,,,,,,,
2/26/2021,Age_unknown,9975,891,0,0,0,,,,,,,,,
2/25/2021,Age_unknown,9903,876,0,0,0,,,,,,,,,
2/24/2021,Age_unknown,9829,860,0,0,0,,,,,,,,,
2/23/2021,Age_unknown,9764,852,0,0,0,,,,,,,,,
2/22/2021,Age_unknown,9745,850,0,0,0,,,,,,,,,
2/21/2021,Age_unknown,9711,840,0,0,0,,,,,,,,,
2/20/2021,Age_unknown,9647,821,0,0,0,,,,,,,,,
2/19/2021,Age_unknown,9598,797,0,0,0,,,,,,,,,
2/18/2021,Age_unknown,9516,768,0,0,0,,,,,,,,,
2/17/2021,Age_unknown,9458,754,0,0,0,,,,,,,,,
2/16/2021,Age_unknown,9410,750,0,0,0,,,,,,,,,
2/15/2021,Age_unknown,9365,749,0,0,0,,,,,,,,,
2/14/2021,Age_unknown,9320,746,0,0,0,,,,,,,,,
2/13/2021,Age_unknown,9245,736,0,0,0,,,,,,,,,
2/12/2021,Age_unknown,8973,640,0,0,0,,,,,,,,,
2/11/2021,Age_unknown,8645,452,0,0,0,,,,,,,,,
2/10/2021,Age_unknown,8326,326,0,0,0,,,,,,,,,
2/9/2021,Age_unknown,7951,223,0,0,0,,,,,,,,,
2/8/2021,Age_unknown,7855,217,0,0,0,,,,,,,,,
2/7/2021,Age_unknown,7816,212,0,0,0,,,,,,,,,
2/6/2021,Age_unknown,7628,199,0,0,0,,,,,,,,,
2/5/2021,Age_unknown,7310,192,0,0,0,,,,,,,,,
2/4/2021,Age_unknown,6910,180,0,0,0,,,,,,,,,
2/3/2021,Age_unknown,6598,168,0,0,0,,,,,,,,,
2/2/2021,Age_unknown,6268,161,0,0,0,,,,,,,,,
2/1/2021,Age_unknown,6222,160,0,0,0,,,,,,,,,
1/31/2021,Age_unknown,6143,154,0,0,0,,,,,,,,,
1/30/2021,Age_unknown,6039,145,0,0,0,,,,,,,,,
1/29/2021,Age_unknown,3943,87,0,0,0,,,,,,,,,
1/28/2021,Age_unknown,3441,75,0,0,0,,,,,,,,,
1/27/2021,Age_unknown,3261,63,0,0,0,,,,,,,,,
1/26/2021,Age_unknown,3112,61,0,0,0,,,,,,,,,
1/25/2021,Age_unknown,3080,56,0,0,0,,,,,,,,,
1/24/2021,Age_unknown,3002,55,0,0,0,,,,,,,,,
1/23/2021,Age_unknown,2904,52,0,0,0,,,,,,,,,
1/22/2021,Age_unknown,2735,49,0,0,0,,,,,,,,,
1/21/2021,Age_unknown,2472,47,0,0,0,,,,,,,,,
1/20/2021,Age_unknown,2370,40,0,0,0,,,,,,,,,
1/19/2021,Age_unknown,2326,37,0,0,0,,,,,,,,,
1/18/2021,Age_unknown,2305,37,0,0,0,,,,,,,,,
1/17/2021,Age_unknown,2242,37,0,0,0,,,,,,,,,
1/16/2021,Age_unknown,2162,37,0,0,0,,,,,,,,,
1/15/2021,Age_unknown,1671,31,0,0,0,,,,,,,,,
1/14/2021,Age_unknown,1414,26,0,0,0,,,,,,,,,
1/13/2021,Age_unknown,1145,21,0,0,0,,,,,,,,,
1/12/2021,Age_unknown,948,15,0,0,0,,,,,,,,,
1/11/2021,Age_unknown,924,14,0,0,0,,,,,,,,,
1/10/2021,Age_unknown,908,13,0,0,0,,,,,,,,,
1/9/2021,Age_unknown,847,11,0,0,0,,,,,,,,,
1/8/2021,Age_unknown,793,7,0,0,0,,,,,,,,,
1/7/2021,Age_unknown,759,2,0,0,0,,,,,,,,,
1/6/2021,Age_unknown,720,1,0,0,0,,,,,,,,,
1/5/2021,Age_unknown,591,0,0,0,0,,,,,,,,,
1/4/2021,Age_unknown,519,0,0,0,0,,,,,,,,,
1/3/2021,Age_unknown,450,0,0,0,0,,,,,,,,,
1/2/2021,Age_unknown,401,0,0,0,0,,,,,,,,,
1/1/2021,Age_unknown,210,0,0,0,0,,,,,,,,,
12/31/2020,Age_unknown,201,0,0,0,0,,,,,,,,,
12/30/2020,Age_unknown,156,0,0,0,0,,,,,,,,,
12/29/2020,Age_unknown,145,0,0,0,0,,,,,,,,,
12/28/2020,Age_unknown,130,0,0,0,0,,,,,,,,,
12/27/2020,Age_unknown,126,0,0,0,0,,,,,,,,,
12/26/2020,Age_unknown,124,0,0,0,0,,,,,,,,,
12/25/2020,Age_unknown,120,0,0,0,0,,,,,,,,,
12/24/2020,Age_unknown,111,0,0,0,0,,,,,,,,,
12/23/2020,Age_unknown,94,0,0,0,0,,,,,,,,,
12/22/2020,Age_unknown,87,0,0,0,0,,,,,,,,,
12/21/2020,Age_unknown,67,0,0,0,0,,,,,,,,,
12/20/2020,Age_unknown,44,0,0,0,0,,,,,,,,,
12/19/2020,Age_unknown,28,0,0,0,0,,,,,,,,,
12/18/2020,Age_unknown,4,0,0,0,0,,,,,,,,,
4/26/2021,Age_known,130153894,88553202,0,0,0,,,,,,,,,
4/25/2021,Age_known,129201306,87493307,0,0,0,,,,,,,,,
4/24/2021,Age_known,127942916,85906785,0,0,0,,,,,,,,,
4/23/2021,Age_known,126622187,84120080,0,0,0,,,,,,,,,
4/22/2021,Age_known,125295419,82360192,0,0,0,,,,,,,,,
4/21/2021,Age_known,124038252,80855211,0,0,0,,,,,,,,,
4/20/2021,Age_known,122946698,79589683,0,0,0,,,,,,,,,
4/19/2021,Age_known,122058399,78800861,0,0,0,,,,,,,,,
4/18/2021,Age_known,121083557,77802113,0,0,0,,,,,,,,,
4/17/2021,Age_known,119396470,76059834,0,0,0,,,,,,,,,
4/16/2021,Age_known,117742338,74268370,0,0,0,,,,,,,,,
4/15/2021,Age_known,115992481,72337056,0,0,0,,,,,,,,,
4/14/2021,Age_known,114229635,70678591,0,0,0,,,,,,,,,
4/13/2021,Age_known,112756341,69452426,0,0,0,,,,,,,,,
4/12/2021,Age_known,111430061,68304963,0,0,0,,,,,,,,,
4/11/2021,Age_known,109932391,66978407,0,0,0,,,,,,,,,
4/10/2021,Age_known,107982783,65188227,0,0,0,,,,,,,,,
4/9/2021,Age_known,105536209,62935747,0,0,0,,,,,,,,,
4/8/2021,Age_known,103373120,61131735,0,0,0,,,,,,,,,
4/7/2021,Age_known,101478013,59507850,0,0,0,,,,,,,,,
4/6/2021,Age_known,99771773,58215550,0,0,0,,,,,,,,,
4/5/2021,Age_known,96033453,55383985,0,0,0,,,,,,,,,
4/4/2021,Age_known,96023468,55362079,0,0,0,,,,,,,,,
4/3/2021,Age_known,95998304,55305167,0,0,0,,,,,,,,,
4/2/2021,Age_known,93865189,53641386,0,0,0,,,,,,,,,
4/1/2021,Age_known,91817694,51932689,0,0,0,,,,,,,,,
3/31/2021,Age_known,90086443,50643941,0,0,0,,,,,,,,,
3/30/2021,Age_known,88663184,49581723,0,0,0,,,,,,,,,
3/29/2021,Age_known,87759507,48879776,0,0,0,,,,,,,,,
3/28/2021,Age_known,86485996,47931208,0,0,0,,,,,,,,,
3/27/2021,Age_known,84688945,46588501,0,0,0,,,,,,,,,
3/26/2021,Age_known,82676639,45285534,0,0,0,,,,,,,,,
3/25/2021,Age_known,80621501,44128484,0,0,0,,,,,,,,,
3/24/2021,Age_known,78917577,43199822,0,0,0,,,,,,,,,
3/23/2021,Age_known,77354008,42380697,0,0,0,,,,,,,,,
3/22/2021,Age_known,76272668,41795037,0,0,0,,,,,,,,,
3/21/2021,Age_known,74990315,41069055,0,0,0,,,,,,,,,
3/20/2021,Age_known,73066347,40023615,0,0,0,,,,,,,,,
3/19/2021,Age_known,71071908,38972519,0,0,0,,,,,,,,,
3/18/2021,Age_known,69474729,38067119,0,0,0,,,,,,,,,
3/17/2021,Age_known,67809066,37119614,0,0,0,,,,,,,,,
3/16/2021,Age_known,66428345,36211219,0,0,0,,,,,,,,,
3/15/2021,Age_known,65441305,35533815,0,0,0,,,,,,,,,
3/14/2021,Age_known,64253759,34705367,0,0,0,,,,,,,,,
3/13/2021,Age_known,62605247,33672352,0,0,0,,,,,,,,,
3/12/2021,Age_known,60376056,32352985,0,0,0,,,,,,,,,
3/11/2021,Age_known,58693051,31206308,0,0,0,,,,,,,,,
3/10/2021,Age_known,57218751,30265411,0,0,0,,,,,,,,,
3/9/2021,Age_known,56022808,29539792,0,0,0,,,,,,,,,
3/8/2021,Age_known,55114015,28997635,0,0,0,,,,,,,,,
3/7/2021,Age_known,54080414,28330141,0,0,0,,,,,,,,,
3/6/2021,Age_known,52639686,27395278,0,0,0,,,,,,,,,
3/5/2021,Age_known,50980142,26375157,0,0,0,,,,,,,,,
3/4/2021,Age_known,49613249,25524248,0,0,0,,,,,,,,,
3/3/2021,Age_known,48535644,24773886,0,0,0,,,,,,,,,
3/2/2021,Age_known,47551739,24095233,0,0,0,,,,,,,,,
3/1/2021,Age_known,46706864,23611185,0,0,0,,,,,,,,,
2/28/2021,Age_known,45757886,22913690,0,0,0,,,,,,,,,
2/27/2021,Age_known,44514585,21923332,0,0,0,,,,,,,,,
2/26/2021,Age_known,43330714,20892006,0,0,0,,,,,,,,,
2/25/2021,Age_known,42304618,19919941,0,0,0,,,,,,,,,
2/24/2021,Age_known,41503730,19111103,0,0,0,,,,,,,,,
2/23/2021,Age_known,40856377,18469631,0,0,0,,,,,,,,,
2/22/2021,Age_known,40489835,18084387,0,0,0,,,,,,,,,
2/21/2021,Age_known,40000365,17525135,0,0,0,,,,,,,,,
2/20/2021,Age_known,39216474,16599287,0,0,0,,,,,,,,,
2/19/2021,Age_known,38431854,15775099,0,0,0,,,,,,,,,
2/18/2021,Age_known,37502724,14926224,0,0,0,,,,,,,,,
2/17/2021,Age_known,36777210,14253189,0,0,0,,,,,,,,,
2/16/2021,Age_known,36211036,13838818,0,0,0,,,,,,,,,
2/15/2021,Age_known,35692603,13479080,0,0,0,,,,,,,,,
2/14/2021,Age_known,34914543,12959266,0,0,0,,,,,,,,,
2/13/2021,Age_known,33756664,12022117,0,0,0,,,,,,,,,
2/12/2021,Age_known,32615127,11098280,0,0,0,,,,,,,,,
2/11/2021,Age_known,31610386,10277779,0,0,0,,,,,,,,,
2/10/2021,Age_known,30787694,9638528,0,0,0,,,,,,,,,
2/9/2021,Age_known,29968563,9052487,0,0,0,,,,,,,,,
2/8/2021,Age_known,29436646,8749625,0,0,0,,,,,,,,,
2/7/2021,Age_known,28739590,8406113,0,0,0,,,,,,,,,
2/6/2021,Age_known,27656312,7686454,0,0,0,,,,,,,,,
2/5/2021,Age_known,26439894,6937072,0,0,0,,,,,,,,,
2/4/2021,Age_known,25546046,6423155,0,0,0,,,,,,,,,
2/3/2021,Age_known,24719514,5928067,0,0,0,,,,,,,,,
2/2/2021,Age_known,24114474,5623876,0,0,0,,,,,,,,,
2/1/2021,Age_known,23699460,5485714,0,0,0,,,,,,,,,
1/31/2021,Age_known,22944470,5237308,0,0,0,,,,,,,,,
1/30/2021,Age_known,21856765,4861885,0,0,0,,,,,,,,,
1/29/2021,Age_known,20744640,4420870,0,0,0,,,,,,,,,
1/28/2021,Age_known,19664718,3936268,0,0,0,,,,,,,,,
1/27/2021,Age_known,18739459,3528142,0,0,0,,,,,,,,,
1/26/2021,Age_known,18001009,3232759,0,0,0,,,,,,,,,
1/25/2021,Age_known,17442676,3130953,0,0,0,,,,,,,,,
1/24/2021,Age_known,16702828,3001492,0,0,0,,,,,,,,,
1/23/2021,Age_known,15566785,2807913,0,0,0,,,,,,,,,
1/22/2021,Age_known,14494697,2561413,0,0,0,,,,,,,,,
1/21/2021,Age_known,13453502,2234972,0,0,0,,,,,,,,,
1/20/2021,Age_known,12721103,2011919,0,0,0,,,,,,,,,
1/19/2021,Age_known,12130930,1883229,0,0,0,,,,,,,,,
1/18/2021,Age_known,11769000,1833327,0,0,0,,,,,,,,,
1/17/2021,Age_known,11216323,1771112,0,0,0,,,,,,,,,
1/16/2021,Age_known,10362563,1657451,0,0,0,,,,,,,,,
1/15/2021,Age_known,9420088,1495107,0,0,0,,,,,,,,,
1/14/2021,Age_known,8652036,1261278,0,0,0,,,,,,,,,
1/13/2021,Age_known,8029071,1012756,0,0,0,,,,,,,,,
1/12/2021,Age_known,7472318,781807,0,0,0,,,,,,,,,
1/11/2021,Age_known,7186475,703985,0,0,0,,,,,,,,,
1/10/2021,Age_known,6836829,589218,0,0,0,,,,,,,,,
1/9/2021,Age_known,6190380,352201,0,0,0,,,,,,,,,
1/8/2021,Age_known,5594928,181810,0,0,0,,,,,,,,,
1/7/2021,Age_known,4994760,82499,0,0,0,,,,,,,,,
1/6/2021,Age_known,4493537,31094,0,0,0,,,,,,,,,
1/5/2021,Age_known,4111925,13163,0,0,0,,,,,,,,,
1/4/2021,Age_known,3979993,12055,0,0,0,,,,,,,,,
1/3/2021,Age_known,3802465,11352,0,0,0,,,,,,,,,
1/2/2021,Age_known,3655553,10931,0,0,0,,,,,,,,,
1/1/2021,Age_known,3314558,10021,0,0,0,,,,,,,,,
12/31/2020,Age_known,2805612,8604,0,0,0,,,,,,,,,
12/30/2020,Age_known,2389845,6969,0,0,0,,,,,,,,,
12/29/2020,Age_known,2039255,4863,0,0,0,,,,,,,,,
12/28/2020,Age_known,1932438,4294,0,0,0,,,,,,,,,
12/27/2020,Age_known,1846526,4125,0,0,0,,,,,,,,,
12/26/2020,Age_known,1775726,3960,0,0,0,,,,,,,,,
12/25/2020,Age_known,1599497,3361,0,0,0,,,,,,,,,
12/24/2020,Age_known,1209724,2602,0,0,0,,,,,,,,,
12/23/2020,Age_known,881613,1776,0,0,0,,,,,,,,,
12/22/2020,Age_known,653869,1431,0,0,0,,,,,,,,,
12/21/2020,Age_known,544058,1089,0,0,0,,,,,,,,,
12/20/2020,Age_known,414202,690,0,0,0,,,,,,,,,
12/19/2020,Age_known,198981,355,0,0,0,,,,,,,,,
12/18/2020,Age_known,72191,84,0,0,0,,,,,,,,,
12/17/2020,Age_known,15393,7,0,0,0,,,,,,,,,
12/16/2020,Age_known,1550,0,0,0,0,,,,,,,,,
12/15/2020,Age_known,0,0,0,0,0,,,,,,,,,
12/14/2020,Age_known,0,0,0,0,0,,,,,,,,,
12/13/2020,Age_known,0,0,0,0,0,,,,,,,,,
